[13-Dec-2025 14:10:23 Asia/Kolkata] Verify OTP - Email: manas8teen@gmail.com, OTP: 819156, User Type: user
[13-Dec-2025 14:10:23 Asia/Kolkata] All OTPs for manas8teen@gmail.com: [{"id":28,"otp_code":"819156","purpose":"login","user_type":"user","is_used":0,"verified":0,"expires_at":"2025-12-13 14:19:51","created_at":"2025-12-13 14:09:51"},{"id":16,"otp_code":"900538","purpose":"login","user_type":"user","is_used":0,"verified":0,"expires_at":"2025-12-13 13:26:01","created_at":"2025-12-13 13:16:01"}]
[13-Dec-2025 14:10:23 Asia/Kolkata] OTP Record Found: YES
[13-Dec-2025 14:10:23 Asia/Kolkata] Insert Error: SQLSTATE[42S22]: Column not found: 1054 Unknown column 'user_agent' in 'field list'
[13-Dec-2025 14:10:23 Asia/Kolkata] Session creation warning: Insert Error: SQLSTATE[42S22]: Column not found: 1054 Unknown column 'user_agent' in 'field list'
[13-Dec-2025 14:14:08 Asia/Kolkata] Database Query Error: SQLSTATE[42S02]: Base table or view not found: 1146 Table 'news_website.cases' doesn't exist
[13-Dec-2025 14:14:18 Asia/Kolkata] Database Query Error: SQLSTATE[42S02]: Base table or view not found: 1146 Table 'news_website.cases' doesn't exist
[13-Dec-2025 14:14:48 Asia/Kolkata] Database Query Error: SQLSTATE[42S02]: Base table or view not found: 1146 Table 'news_website.cases' doesn't exist
[13-Dec-2025 14:15:18 Asia/Kolkata] Database Query Error: SQLSTATE[42S02]: Base table or view not found: 1146 Table 'news_website.cases' doesn't exist
[13-Dec-2025 14:15:48 Asia/Kolkata] Database Query Error: SQLSTATE[42S02]: Base table or view not found: 1146 Table 'news_website.cases' doesn't exist
[13-Dec-2025 14:16:18 Asia/Kolkata] Database Query Error: SQLSTATE[42S02]: Base table or view not found: 1146 Table 'news_website.cases' doesn't exist
[13-Dec-2025 14:16:48 Asia/Kolkata] Database Query Error: SQLSTATE[42S02]: Base table or view not found: 1146 Table 'news_website.cases' doesn't exist
[13-Dec-2025 14:17:18 Asia/Kolkata] Database Query Error: SQLSTATE[42S02]: Base table or view not found: 1146 Table 'news_website.cases' doesn't exist
[13-Dec-2025 14:17:26 Asia/Kolkata] Verify OTP - Email: manas8teen@gmail.com, OTP: 819156, User Type: user
[13-Dec-2025 14:17:26 Asia/Kolkata] All OTPs for manas8teen@gmail.com: [{"id":28,"otp_code":"669975","purpose":"login","user_type":"user","is_used":0,"verified":0,"expires_at":"2025-12-13 14:27:02","created_at":"2025-12-13 14:17:02"},{"id":16,"otp_code":"900538","purpose":"login","user_type":"user","is_used":0,"verified":0,"expires_at":"2025-12-13 13:26:01","created_at":"2025-12-13 13:16:01"}]
[13-Dec-2025 14:17:26 Asia/Kolkata] OTP Record Found: NO
[13-Dec-2025 14:17:26 Asia/Kolkata] OTP verification failed - OTP: 819156, Email: manas8teen@gmail.com, User Type: user
[13-Dec-2025 14:17:50 Asia/Kolkata] Database Query Error: SQLSTATE[42S02]: Base table or view not found: 1146 Table 'news_website.cases' doesn't exist
[13-Dec-2025 14:18:50 Asia/Kolkata] Database Query Error: SQLSTATE[42S02]: Base table or view not found: 1146 Table 'news_website.cases' doesn't exist
[13-Dec-2025 14:19:42 Asia/Kolkata] Verify OTP - Email: manas8teen@gmail.com, OTP: 669975, User Type: user
[13-Dec-2025 14:19:42 Asia/Kolkata] All OTPs for manas8teen@gmail.com: [{"id":28,"otp_code":"669975","purpose":"login","user_type":"user","is_used":0,"verified":0,"expires_at":"2025-12-13 14:27:02","created_at":"2025-12-13 14:17:02"},{"id":16,"otp_code":"900538","purpose":"login","user_type":"user","is_used":0,"verified":0,"expires_at":"2025-12-13 13:26:01","created_at":"2025-12-13 13:16:01"}]
[13-Dec-2025 14:19:42 Asia/Kolkata] OTP Record Found: YES
[13-Dec-2025 14:19:42 Asia/Kolkata] Insert Error: SQLSTATE[42S22]: Column not found: 1054 Unknown column 'user_agent' in 'field list'
[13-Dec-2025 14:19:42 Asia/Kolkata] Session creation warning: Insert Error: SQLSTATE[42S22]: Column not found: 1054 Unknown column 'user_agent' in 'field list'
[13-Dec-2025 14:19:50 Asia/Kolkata] Database Query Error: SQLSTATE[42S02]: Base table or view not found: 1146 Table 'news_website.cases' doesn't exist
[13-Dec-2025 14:19:52 Asia/Kolkata] Category Articles API - Category ID: 16, Limit: 20, Offset: 0
[13-Dec-2025 14:19:52 Asia/Kolkata] Found category IDs: 16
[13-Dec-2025 14:19:52 Asia/Kolkata] Returning 0 articles for category 16
[13-Dec-2025 14:19:56 Asia/Kolkata] Category Articles API - Category ID: 4, Limit: 20, Offset: 0
[13-Dec-2025 14:19:56 Asia/Kolkata] Found category IDs: 4
[13-Dec-2025 14:19:56 Asia/Kolkata] Returning 2 articles for category 4
[13-Dec-2025 14:19:58 Asia/Kolkata] Database Query Error: SQLSTATE[42S22]: Column not found: 1054 Unknown column 'a.comments_enabled' in 'field list'
[13-Dec-2025 09:50:03 Europe/Berlin] PHP Warning:  require_once(C:\xampp\htdocs\api\cases/../../src/Config/Database.php): Failed to open stream: No such file or directory in C:\xampp\htdocs\api\cases\single.php on line 8
[13-Dec-2025 09:50:03 Europe/Berlin] PHP Fatal error:  Uncaught Error: Failed opening required 'C:\xampp\htdocs\api\cases/../../src/Config/Database.php' (include_path='C:\xampp\php\PEAR') in C:\xampp\htdocs\api\cases\single.php:8
Stack trace:
#0 {main}
  thrown in C:\xampp\htdocs\api\cases\single.php on line 8
[13-Dec-2025 09:50:07 Europe/Berlin] PHP Warning:  require_once(../../config/database.php): Failed to open stream: No such file or directory in C:\xampp\htdocs\api\mobile-stories\increment-view.php on line 6
[13-Dec-2025 09:50:07 Europe/Berlin] PHP Fatal error:  Uncaught Error: Failed opening required '../../config/database.php' (include_path='C:\xampp\php\PEAR') in C:\xampp\htdocs\api\mobile-stories\increment-view.php:6
Stack trace:
#0 {main}
  thrown in C:\xampp\htdocs\api\mobile-stories\increment-view.php on line 6
[13-Dec-2025 09:50:09 Europe/Berlin] PHP Warning:  require_once(../../config/database.php): Failed to open stream: No such file or directory in C:\xampp\htdocs\api\mobile-stories\increment-view.php on line 6
[13-Dec-2025 09:50:09 Europe/Berlin] PHP Fatal error:  Uncaught Error: Failed opening required '../../config/database.php' (include_path='C:\xampp\php\PEAR') in C:\xampp\htdocs\api\mobile-stories\increment-view.php:6
Stack trace:
#0 {main}
  thrown in C:\xampp\htdocs\api\mobile-stories\increment-view.php on line 6
[13-Dec-2025 09:50:09 Europe/Berlin] PHP Warning:  require_once(../../config/database.php): Failed to open stream: No such file or directory in C:\xampp\htdocs\api\mobile-stories\increment-view.php on line 6
[13-Dec-2025 09:50:09 Europe/Berlin] PHP Fatal error:  Uncaught Error: Failed opening required '../../config/database.php' (include_path='C:\xampp\php\PEAR') in C:\xampp\htdocs\api\mobile-stories\increment-view.php:6
Stack trace:
#0 {main}
  thrown in C:\xampp\htdocs\api\mobile-stories\increment-view.php on line 6
[13-Dec-2025 09:50:20 Europe/Berlin] PHP Warning:  require_once(../../config/database.php): Failed to open stream: No such file or directory in C:\xampp\htdocs\api\mobile-stories\increment-view.php on line 6
[13-Dec-2025 09:50:20 Europe/Berlin] PHP Fatal error:  Uncaught Error: Failed opening required '../../config/database.php' (include_path='C:\xampp\php\PEAR') in C:\xampp\htdocs\api\mobile-stories\increment-view.php:6
Stack trace:
#0 {main}
  thrown in C:\xampp\htdocs\api\mobile-stories\increment-view.php on line 6
[13-Dec-2025 09:50:21 Europe/Berlin] PHP Warning:  require_once(../../config/database.php): Failed to open stream: No such file or directory in C:\xampp\htdocs\api\mobile-stories\increment-view.php on line 6
[13-Dec-2025 09:50:21 Europe/Berlin] PHP Fatal error:  Uncaught Error: Failed opening required '../../config/database.php' (include_path='C:\xampp\php\PEAR') in C:\xampp\htdocs\api\mobile-stories\increment-view.php:6
Stack trace:
#0 {main}
  thrown in C:\xampp\htdocs\api\mobile-stories\increment-view.php on line 6
[13-Dec-2025 14:20:50 Asia/Kolkata] Database Query Error: SQLSTATE[42S02]: Base table or view not found: 1146 Table 'news_website.cases' doesn't exist
[13-Dec-2025 14:21:18 Asia/Kolkata] Database Query Error: SQLSTATE[42S02]: Base table or view not found: 1146 Table 'news_website.cases' doesn't exist
[13-Dec-2025 14:21:23 Asia/Kolkata] PHP Fatal error:  Uncaught Error: Using $this when not in object context in C:\xampp\htdocs\api\tracking\save.php:50
Stack trace:
#0 {main}
  thrown in C:\xampp\htdocs\api\tracking\save.php on line 50
[13-Dec-2025 14:21:48 Asia/Kolkata] Database Query Error: SQLSTATE[42S02]: Base table or view not found: 1146 Table 'news_website.cases' doesn't exist
[13-Dec-2025 14:21:53 Asia/Kolkata] Database Query Error: SQLSTATE[42S02]: Base table or view not found: 1146 Table 'news_website.cases' doesn't exist
[13-Dec-2025 14:22:06 Asia/Kolkata] Category Articles API - Category ID: 16, Limit: 20, Offset: 0
[13-Dec-2025 14:22:06 Asia/Kolkata] Found category IDs: 16
[13-Dec-2025 14:22:06 Asia/Kolkata] Returning 0 articles for category 16
[13-Dec-2025 14:22:20 Asia/Kolkata] Database Query Error: SQLSTATE[42S02]: Base table or view not found: 1146 Table 'news_website.cases' doesn't exist
[13-Dec-2025 14:22:50 Asia/Kolkata] Database Query Error: SQLSTATE[42S02]: Base table or view not found: 1146 Table 'news_website.cases' doesn't exist
[13-Dec-2025 14:22:54 Asia/Kolkata] Database Query Error: SQLSTATE[42S02]: Base table or view not found: 1146 Table 'news_website.cases' doesn't exist
[13-Dec-2025 14:23:15 Asia/Kolkata] Database Query Error: SQLSTATE[42S02]: Base table or view not found: 1146 Table 'news_website.cases' doesn't exist
[13-Dec-2025 14:23:16 Asia/Kolkata] Database Query Error: SQLSTATE[42S02]: Base table or view not found: 1146 Table 'news_website.cases' doesn't exist
[13-Dec-2025 14:23:46 Asia/Kolkata] Database Query Error: SQLSTATE[42S02]: Base table or view not found: 1146 Table 'news_website.cases' doesn't exist
[13-Dec-2025 14:24:00 Asia/Kolkata] Database Query Error: SQLSTATE[42S02]: Base table or view not found: 1146 Table 'news_website.cases' doesn't exist
[13-Dec-2025 14:24:30 Asia/Kolkata] Database Query Error: SQLSTATE[42S02]: Base table or view not found: 1146 Table 'news_website.cases' doesn't exist
[13-Dec-2025 14:24:48 Asia/Kolkata] FCM v1 Response (HTTP 200): {
  "name": "projects/brackoddmedia-56b89/messages/2503678633034902031"
}

[13-Dec-2025 14:24:48 Asia/Kolkata] Database Query Error: SQLSTATE[42S02]: Base table or view not found: 1146 Table 'news_website.cases' doesn't exist
[13-Dec-2025 14:25:18 Asia/Kolkata] Database Query Error: SQLSTATE[42S02]: Base table or view not found: 1146 Table 'news_website.cases' doesn't exist
[13-Dec-2025 14:25:48 Asia/Kolkata] Database Query Error: SQLSTATE[42S02]: Base table or view not found: 1146 Table 'news_website.cases' doesn't exist
[13-Dec-2025 14:26:18 Asia/Kolkata] Database Query Error: SQLSTATE[42S02]: Base table or view not found: 1146 Table 'news_website.cases' doesn't exist
[13-Dec-2025 14:26:48 Asia/Kolkata] Database Query Error: SQLSTATE[42S02]: Base table or view not found: 1146 Table 'news_website.cases' doesn't exist
[13-Dec-2025 14:27:18 Asia/Kolkata] Database Query Error: SQLSTATE[42S02]: Base table or view not found: 1146 Table 'news_website.cases' doesn't exist
[13-Dec-2025 14:27:48 Asia/Kolkata] Database Query Error: SQLSTATE[42S02]: Base table or view not found: 1146 Table 'news_website.cases' doesn't exist
[13-Dec-2025 14:28:13 Asia/Kolkata] Database Query Error: SQLSTATE[42S02]: Base table or view not found: 1146 Table 'news_website.cases' doesn't exist
[13-Dec-2025 14:28:24 Asia/Kolkata] Database Query Error: SQLSTATE[42S02]: Base table or view not found: 1146 Table 'news_website.cases' doesn't exist
[13-Dec-2025 14:28:29 Asia/Kolkata] Database Query Error: SQLSTATE[42S02]: Base table or view not found: 1146 Table 'news_website.cases' doesn't exist
[13-Dec-2025 14:28:30 Asia/Kolkata] Database Query Error: SQLSTATE[42S02]: Base table or view not found: 1146 Table 'news_website.cases' doesn't exist
[13-Dec-2025 14:29:00 Asia/Kolkata] Database Query Error: SQLSTATE[42S02]: Base table or view not found: 1146 Table 'news_website.cases' doesn't exist
[13-Dec-2025 14:29:31 Asia/Kolkata] Database Query Error: SQLSTATE[42S02]: Base table or view not found: 1146 Table 'news_website.cases' doesn't exist
[13-Dec-2025 14:30:01 Asia/Kolkata] Database Query Error: SQLSTATE[42S02]: Base table or view not found: 1146 Table 'news_website.cases' doesn't exist
[13-Dec-2025 14:30:31 Asia/Kolkata] Database Query Error: SQLSTATE[42S02]: Base table or view not found: 1146 Table 'news_website.cases' doesn't exist
[13-Dec-2025 15:46:54 Asia/Kolkata] Category Articles API - Category ID: 6, Limit: 20, Offset: 0
[13-Dec-2025 15:46:54 Asia/Kolkata] Found category IDs: 6
[13-Dec-2025 15:46:54 Asia/Kolkata] Returning 3 articles for category 6
[13-Dec-2025 11:16:55 Europe/Berlin] PHP Warning:  require_once(../../config/database.php): Failed to open stream: No such file or directory in C:\xampp\htdocs\api\mobile-stories\increment-view.php on line 6
[13-Dec-2025 11:16:55 Europe/Berlin] PHP Fatal error:  Uncaught Error: Failed opening required '../../config/database.php' (include_path='C:\xampp\php\PEAR') in C:\xampp\htdocs\api\mobile-stories\increment-view.php:6
Stack trace:
#0 {main}
  thrown in C:\xampp\htdocs\api\mobile-stories\increment-view.php on line 6
[13-Dec-2025 11:16:56 Europe/Berlin] PHP Warning:  require_once(../../config/database.php): Failed to open stream: No such file or directory in C:\xampp\htdocs\api\mobile-stories\increment-view.php on line 6
[13-Dec-2025 11:16:56 Europe/Berlin] PHP Fatal error:  Uncaught Error: Failed opening required '../../config/database.php' (include_path='C:\xampp\php\PEAR') in C:\xampp\htdocs\api\mobile-stories\increment-view.php:6
Stack trace:
#0 {main}
  thrown in C:\xampp\htdocs\api\mobile-stories\increment-view.php on line 6
[13-Dec-2025 11:16:59 Europe/Berlin] PHP Warning:  require_once(../../config/database.php): Failed to open stream: No such file or directory in C:\xampp\htdocs\api\mobile-stories\increment-view.php on line 6
[13-Dec-2025 11:16:59 Europe/Berlin] PHP Fatal error:  Uncaught Error: Failed opening required '../../config/database.php' (include_path='C:\xampp\php\PEAR') in C:\xampp\htdocs\api\mobile-stories\increment-view.php:6
Stack trace:
#0 {main}
  thrown in C:\xampp\htdocs\api\mobile-stories\increment-view.php on line 6
[13-Dec-2025 19:46:10 Asia/Kolkata] PHP Fatal error:  Uncaught Error: Using $this when not in object context in C:\xampp\htdocs\api\tracking\save.php:50
Stack trace:
#0 {main}
  thrown in C:\xampp\htdocs\api\tracking\save.php on line 50
[13-Dec-2025 19:46:20 Asia/Kolkata] PHP Fatal error:  Uncaught Error: Using $this when not in object context in C:\xampp\htdocs\api\tracking\save.php:50
Stack trace:
#0 {main}
  thrown in C:\xampp\htdocs\api\tracking\save.php on line 50
[13-Dec-2025 19:46:50 Asia/Kolkata] PHP Fatal error:  Uncaught Error: Using $this when not in object context in C:\xampp\htdocs\api\tracking\save.php:50
Stack trace:
#0 {main}
  thrown in C:\xampp\htdocs\api\tracking\save.php on line 50
[13-Dec-2025 19:46:53 Asia/Kolkata] PHP Fatal error:  Uncaught Error: Using $this when not in object context in C:\xampp\htdocs\api\tracking\save.php:50
Stack trace:
#0 {main}
  thrown in C:\xampp\htdocs\api\tracking\save.php on line 50
[13-Dec-2025 19:47:18 Asia/Kolkata] PHP Fatal error:  Uncaught Error: Using $this when not in object context in C:\xampp\htdocs\api\tracking\save.php:50
Stack trace:
#0 {main}
  thrown in C:\xampp\htdocs\api\tracking\save.php on line 50
[13-Dec-2025 19:47:21 Asia/Kolkata] PHP Fatal error:  Uncaught Error: Using $this when not in object context in C:\xampp\htdocs\api\tracking\save.php:50
Stack trace:
#0 {main}
  thrown in C:\xampp\htdocs\api\tracking\save.php on line 50
[13-Dec-2025 19:47:22 Asia/Kolkata] PHP Fatal error:  Uncaught Error: Using $this when not in object context in C:\xampp\htdocs\api\tracking\save.php:50
Stack trace:
#0 {main}
  thrown in C:\xampp\htdocs\api\tracking\save.php on line 50
[13-Dec-2025 19:47:23 Asia/Kolkata] PHP Fatal error:  Uncaught Error: Using $this when not in object context in C:\xampp\htdocs\api\tracking\save.php:50
Stack trace:
#0 {main}
  thrown in C:\xampp\htdocs\api\tracking\save.php on line 50
[13-Dec-2025 19:47:24 Asia/Kolkata] PHP Fatal error:  Uncaught Error: Using $this when not in object context in C:\xampp\htdocs\api\tracking\save.php:50
Stack trace:
#0 {main}
  thrown in C:\xampp\htdocs\api\tracking\save.php on line 50
[13-Dec-2025 19:47:54 Asia/Kolkata] PHP Fatal error:  Uncaught Error: Using $this when not in object context in C:\xampp\htdocs\api\tracking\save.php:50
Stack trace:
#0 {main}
  thrown in C:\xampp\htdocs\api\tracking\save.php on line 50
[13-Dec-2025 20:00:48 Asia/Kolkata] PHP Fatal error:  Uncaught Error: Using $this when not in object context in C:\xampp\htdocs\api\tracking\save.php:50
Stack trace:
#0 {main}
  thrown in C:\xampp\htdocs\api\tracking\save.php on line 50
[13-Dec-2025 20:27:04 Asia/Kolkata] PHP Fatal error:  Uncaught Error: Using $this when not in object context in C:\xampp\htdocs\api\tracking\save.php:50
Stack trace:
#0 {main}
  thrown in C:\xampp\htdocs\api\tracking\save.php on line 50
[13-Dec-2025 20:27:07 Asia/Kolkata] PHP Fatal error:  Uncaught Error: Using $this when not in object context in C:\xampp\htdocs\api\tracking\save.php:50
Stack trace:
#0 {main}
  thrown in C:\xampp\htdocs\api\tracking\save.php on line 50
[13-Dec-2025 20:27:13 Asia/Kolkata] PHP Fatal error:  Uncaught Error: Using $this when not in object context in C:\xampp\htdocs\api\tracking\save.php:50
Stack trace:
#0 {main}
  thrown in C:\xampp\htdocs\api\tracking\save.php on line 50
[13-Dec-2025 20:27:43 Asia/Kolkata] PHP Fatal error:  Uncaught Error: Using $this when not in object context in C:\xampp\htdocs\api\tracking\save.php:50
Stack trace:
#0 {main}
  thrown in C:\xampp\htdocs\api\tracking\save.php on line 50
[13-Dec-2025 20:32:46 Asia/Kolkata] Database Query Error: SQLSTATE[42S22]: Column not found: 1054 Unknown column 'a.comments_enabled' in 'field list'
[13-Dec-2025 20:32:52 Asia/Kolkata] PHP Fatal error:  Uncaught Error: Using $this when not in object context in C:\xampp\htdocs\api\tracking\save.php:50
Stack trace:
#0 {main}
  thrown in C:\xampp\htdocs\api\tracking\save.php on line 50
[13-Dec-2025 20:33:22 Asia/Kolkata] PHP Fatal error:  Uncaught Error: Using $this when not in object context in C:\xampp\htdocs\api\tracking\save.php:50
Stack trace:
#0 {main}
  thrown in C:\xampp\htdocs\api\tracking\save.php on line 50
[13-Dec-2025 20:33:26 Asia/Kolkata] PHP Fatal error:  Uncaught Error: Using $this when not in object context in C:\xampp\htdocs\api\tracking\save.php:50
Stack trace:
#0 {main}
  thrown in C:\xampp\htdocs\api\tracking\save.php on line 50
[13-Dec-2025 20:33:28 Asia/Kolkata] PHP Fatal error:  Uncaught Error: Using $this when not in object context in C:\xampp\htdocs\api\tracking\save.php:50
Stack trace:
#0 {main}
  thrown in C:\xampp\htdocs\api\tracking\save.php on line 50
[13-Dec-2025 20:33:59 Asia/Kolkata] PHP Fatal error:  Uncaught Error: Using $this when not in object context in C:\xampp\htdocs\api\tracking\save.php:50
Stack trace:
#0 {main}
  thrown in C:\xampp\htdocs\api\tracking\save.php on line 50
[13-Dec-2025 20:34:36 Asia/Kolkata] PHP Fatal error:  Uncaught Error: Using $this when not in object context in C:\xampp\htdocs\api\tracking\save.php:50
Stack trace:
#0 {main}
  thrown in C:\xampp\htdocs\api\tracking\save.php on line 50
[13-Dec-2025 20:34:48 Asia/Kolkata] PHP Fatal error:  Uncaught Error: Using $this when not in object context in C:\xampp\htdocs\api\tracking\save.php:50
Stack trace:
#0 {main}
  thrown in C:\xampp\htdocs\api\tracking\save.php on line 50
[13-Dec-2025 20:35:02 Asia/Kolkata] Category Articles API - Category ID: 3, Limit: 20, Offset: 0
[13-Dec-2025 20:35:02 Asia/Kolkata] Found category IDs: 3
[13-Dec-2025 20:35:02 Asia/Kolkata] Returning 4 articles for category 3
[13-Dec-2025 20:35:03 Asia/Kolkata] Category Articles API - Category ID: 3, Limit: 20, Offset: 4
[13-Dec-2025 20:35:03 Asia/Kolkata] Found category IDs: 3
[13-Dec-2025 20:35:03 Asia/Kolkata] Returning 0 articles for category 3
[13-Dec-2025 20:35:19 Asia/Kolkata] PHP Fatal error:  Uncaught Error: Using $this when not in object context in C:\xampp\htdocs\api\tracking\save.php:50
Stack trace:
#0 {main}
  thrown in C:\xampp\htdocs\api\tracking\save.php on line 50
[13-Dec-2025 20:36:44 Asia/Kolkata] Login API - Raw Input: {"email":"manas8teen@gmail.com","password":"Manas@2580"}
[13-Dec-2025 20:36:44 Asia/Kolkata] Login API - Decoded Input: {"email":"manas8teen@gmail.com","password":"Manas@2580"}
[13-Dec-2025 20:36:44 Asia/Kolkata] Login API - Identifier: manas8teen@gmail.com, Password length: 10
[13-Dec-2025 20:36:44 Asia/Kolkata] Login API - Is Email: Yes
[13-Dec-2025 20:36:44 Asia/Kolkata] Login API - User found: Yes (ID: 1)
[13-Dec-2025 20:36:44 Asia/Kolkata] Login API - Password hash from DB: $2y$10$XMuJuE0NXg8Xn...
[13-Dec-2025 20:36:45 Asia/Kolkata] Login API - Password verify result: MATCH
[13-Dec-2025 20:36:50 Asia/Kolkata] Category Articles API - Category ID: 3, Limit: 20, Offset: 4
[13-Dec-2025 20:36:50 Asia/Kolkata] Found category IDs: 3
[13-Dec-2025 20:36:50 Asia/Kolkata] Returning 0 articles for category 3
[13-Dec-2025 20:36:52 Asia/Kolkata] Category Articles API - Category ID: 2, Limit: 20, Offset: 0
[13-Dec-2025 20:36:52 Asia/Kolkata] Found category IDs: 2, 11
[13-Dec-2025 20:36:52 Asia/Kolkata] Returning 5 articles for category 2
[13-Dec-2025 20:37:37 Asia/Kolkata] Login API - Raw Input: {"email":"manas8teen@gmail.com","password":"Manas@2580"}
[13-Dec-2025 20:37:37 Asia/Kolkata] Login API - Decoded Input: {"email":"manas8teen@gmail.com","password":"Manas@2580"}
[13-Dec-2025 20:37:37 Asia/Kolkata] Login API - Identifier: manas8teen@gmail.com, Password length: 10
[13-Dec-2025 20:37:37 Asia/Kolkata] Login API - Is Email: Yes
[13-Dec-2025 20:37:37 Asia/Kolkata] Login API - User found: Yes (ID: 1)
[13-Dec-2025 20:37:37 Asia/Kolkata] Login API - Password hash from DB: $2y$10$XMuJuE0NXg8Xn...
[13-Dec-2025 20:37:37 Asia/Kolkata] Login API - Password verify result: MATCH
[13-Dec-2025 20:39:14 Asia/Kolkata] Category Articles API - Category ID: 16, Limit: 20, Offset: 0
[13-Dec-2025 20:39:14 Asia/Kolkata] Found category IDs: 16
[13-Dec-2025 20:39:14 Asia/Kolkata] Returning 0 articles for category 16
[13-Dec-2025 20:39:15 Asia/Kolkata] Category Articles API - Category ID: 12, Limit: 20, Offset: 0
[13-Dec-2025 20:39:15 Asia/Kolkata] Found category IDs: 12
[13-Dec-2025 20:39:15 Asia/Kolkata] Returning 0 articles for category 12
[13-Dec-2025 20:39:15 Asia/Kolkata] Category Articles API - Category ID: 13, Limit: 20, Offset: 0
[13-Dec-2025 20:39:15 Asia/Kolkata] Found category IDs: 13
[13-Dec-2025 20:39:15 Asia/Kolkata] Returning 1 articles for category 13
[13-Dec-2025 20:39:17 Asia/Kolkata] Category Articles API - Category ID: 12, Limit: 20, Offset: 0
[13-Dec-2025 20:39:17 Asia/Kolkata] Found category IDs: 12
[13-Dec-2025 20:39:17 Asia/Kolkata] Returning 0 articles for category 12
[13-Dec-2025 20:39:17 Asia/Kolkata] Category Articles API - Category ID: 16, Limit: 20, Offset: 0
[13-Dec-2025 20:39:17 Asia/Kolkata] Found category IDs: 16
[13-Dec-2025 20:39:17 Asia/Kolkata] Returning 0 articles for category 16
[13-Dec-2025 20:39:27 Asia/Kolkata] Category Articles API - Category ID: 16, Limit: 20, Offset: 0
[13-Dec-2025 20:39:27 Asia/Kolkata] Found category IDs: 16
[13-Dec-2025 20:39:27 Asia/Kolkata] Returning 0 articles for category 16
[13-Dec-2025 20:40:28 Asia/Kolkata] Verify OTP - Email: robinblk47.real@gmail.com, OTP: 276914, User Type: user
[13-Dec-2025 20:40:28 Asia/Kolkata] All OTPs for robinblk47.real@gmail.com: [{"id":29,"otp_code":"276914","purpose":"login","user_type":"user","is_used":0,"verified":0,"expires_at":"2025-12-13 20:49:58","created_at":"2025-12-13 20:39:58"}]
[13-Dec-2025 20:40:28 Asia/Kolkata] OTP Record Found: YES
[13-Dec-2025 20:40:28 Asia/Kolkata] Insert Error: SQLSTATE[42S22]: Column not found: 1054 Unknown column 'user_agent' in 'field list'
[13-Dec-2025 20:40:28 Asia/Kolkata] Session creation warning: Insert Error: SQLSTATE[42S22]: Column not found: 1054 Unknown column 'user_agent' in 'field list'
[13-Dec-2025 20:40:28 Asia/Kolkata] Profile API: Headers: {"HTTP_AUTHORIZATION":"Bearer 4416485867a54995dbae3a9a2a620b7dd1aa072fc9ea655e184eb97fb2750e65","MIBDIRS":"C:\/xampp\/php\/extras\/mibs","MYSQL_HOME":"\\xampp\\mysql\\bin","OPENSSL_CONF":"C:\/xampp\/apache\/bin\/openssl.cnf","PHP_PEAR_SYSCONF_DIR":"\\xampp\\php","PHPRC":"\\xampp\\php","TMP":"\\xampp\\tmp","HTTP_USER_AGENT":"Dart\/3.10 (dart:io)","HTTP_ACCEPT":"application\/json","HTTP_ACCEPT_ENCODING":"gzip","HTTP_HOST":"192.168.1.3","CONTENT_TYPE":"application\/json","PATH":"C:\\Program Files\\Common Files\\Oracle\\Java\\javapath;C:\\Program Files (x86)\\Common Files\\Oracle\\Java\\java8path;C:\\Program Files (x86)\\Common Files\\Oracle\\Java\\javapath;C:\\Program Files (x86)\\Common Files\\Intel\\Shared Libraries\\redist\\intel64\\compiler;C:\\Windows\\system32;C:\\Windows;C:\\Windows\\System32\\Wbem;C:\\Windows\\System32\\WindowsPowerShell\\v1.0\\;C:\\Windows\\System32\\OpenSSH\\;C:\\Program Files (x86)\\NVIDIA Corporation\\PhysX\\Common;C:\\Program Files\\NVIDIA Corporation\\NVIDIA NvDLISR;C:\\src\\flutter_windows_3.35.3-stable\\flutter\\bin;C:\\src\\dartsdk-windows-x64-release\\dart-sdk\\bin;C:\\xampp\\php;C:\\ProgramData\\ComposerSetup\\bin;C:\\Program Files\\Git\\cmd;C:\\Users\\Manas\\AppData\\Local\\nvm;C:\\nvm4w\\nodejs;C:\\Program Files\\Java\\jdk-17\\bin;C:\\Program Files\\nodejs\\;C:\\Program Files\\dotnet\\;C:\\ffmpeg\\bin;C:\\Users\\Manas\\AppData\\Local\\Microsoft\\WindowsApps;C:\\Users\\Manas\\AppData\\Local\\Programs\\Microsoft VS Code\\bin;C:\\Users\\Manas\\AppData\\Roaming\\Composer\\vendor\\bin;C:\\Users\\Manas\\AppData\\Local\\nvm;C:\\nvm4w\\nodejs;C:\\Program Files\\Java\\jdk-17\\bin;C:\\Users\\Manas\\AppData\\Roaming\\npm;C:\\Users\\Manas\\.dotnet\\tools;C:\\ffmpeg\\bin;","SystemRoot":"C:\\Windows","COMSPEC":"C:\\Windows\\system32\\cmd.exe","PATHEXT":".COM;.EXE;.BAT;.CMD;.VBS;.VBE;.JS;.JSE;.WSF;.WSH;.MSC","WINDIR":"C:\\Windows","SERVER_SIGNATURE":"<address>Apache\/2.4.58 (Win64) OpenSSL\/3.1.3 PHP\/8.2.12 Server at 192.168.1.3 Port 80<\/address>\n","SERVER_SOFTWARE":"Apache\/2.4.58 (Win64) OpenSSL\/3.1.3 PHP\/8.2.12","SERVER_NAME":"192.168.1.3","SERVER_ADDR":"192.168.1.3","SERVER_PORT":"80","REMOTE_ADDR":"192.168.1.2","DOCUMENT_ROOT":"C:\/xampp\/htdocs","REQUEST_SCHEME":"http","CONTEXT_PREFIX":"","CONTEXT_DOCUMENT_ROOT":"C:\/xampp\/htdocs","SERVER_ADMIN":"postmaster@localhost","SCRIPT_FILENAME":"C:\/xampp\/htdocs\/api\/auth\/profile.php","REMOTE_PORT":"38502","GATEWAY_INTERFACE":"CGI\/1.1","SERVER_PROTOCOL":"HTTP\/1.1","REQUEST_METHOD":"GET","QUERY_STRING":"","REQUEST_URI":"\/api\/auth\/profile.php","SCRIPT_NAME":"\/api\/auth\/profile.php","PHP_SELF":"\/api\/auth\/profile.php","REQUEST_TIME_FLOAT":1765638628.206373,"REQUEST_TIME":1765638628}
[13-Dec-2025 20:40:28 Asia/Kolkata] Profile API: Token extracted: 4416485867a54995dbae...
[13-Dec-2025 20:40:28 Asia/Kolkata] Profile API: Token received: 4416485867a54995dbae...
[13-Dec-2025 20:40:28 Asia/Kolkata] Profile API: Returning most recent active user (fallback)
[13-Dec-2025 20:41:15 Asia/Kolkata] Profile API: Headers: {"HTTP_AUTHORIZATION":"Bearer 4416485867a54995dbae3a9a2a620b7dd1aa072fc9ea655e184eb97fb2750e65","MIBDIRS":"C:\/xampp\/php\/extras\/mibs","MYSQL_HOME":"\\xampp\\mysql\\bin","OPENSSL_CONF":"C:\/xampp\/apache\/bin\/openssl.cnf","PHP_PEAR_SYSCONF_DIR":"\\xampp\\php","PHPRC":"\\xampp\\php","TMP":"\\xampp\\tmp","HTTP_USER_AGENT":"Dart\/3.10 (dart:io)","HTTP_ACCEPT":"application\/json","HTTP_ACCEPT_ENCODING":"gzip","HTTP_HOST":"192.168.1.3","CONTENT_TYPE":"application\/json","PATH":"C:\\Program Files\\Common Files\\Oracle\\Java\\javapath;C:\\Program Files (x86)\\Common Files\\Oracle\\Java\\java8path;C:\\Program Files (x86)\\Common Files\\Oracle\\Java\\javapath;C:\\Program Files (x86)\\Common Files\\Intel\\Shared Libraries\\redist\\intel64\\compiler;C:\\Windows\\system32;C:\\Windows;C:\\Windows\\System32\\Wbem;C:\\Windows\\System32\\WindowsPowerShell\\v1.0\\;C:\\Windows\\System32\\OpenSSH\\;C:\\Program Files (x86)\\NVIDIA Corporation\\PhysX\\Common;C:\\Program Files\\NVIDIA Corporation\\NVIDIA NvDLISR;C:\\src\\flutter_windows_3.35.3-stable\\flutter\\bin;C:\\src\\dartsdk-windows-x64-release\\dart-sdk\\bin;C:\\xampp\\php;C:\\ProgramData\\ComposerSetup\\bin;C:\\Program Files\\Git\\cmd;C:\\Users\\Manas\\AppData\\Local\\nvm;C:\\nvm4w\\nodejs;C:\\Program Files\\Java\\jdk-17\\bin;C:\\Program Files\\nodejs\\;C:\\Program Files\\dotnet\\;C:\\ffmpeg\\bin;C:\\Users\\Manas\\AppData\\Local\\Microsoft\\WindowsApps;C:\\Users\\Manas\\AppData\\Local\\Programs\\Microsoft VS Code\\bin;C:\\Users\\Manas\\AppData\\Roaming\\Composer\\vendor\\bin;C:\\Users\\Manas\\AppData\\Local\\nvm;C:\\nvm4w\\nodejs;C:\\Program Files\\Java\\jdk-17\\bin;C:\\Users\\Manas\\AppData\\Roaming\\npm;C:\\Users\\Manas\\.dotnet\\tools;C:\\ffmpeg\\bin;","SystemRoot":"C:\\Windows","COMSPEC":"C:\\Windows\\system32\\cmd.exe","PATHEXT":".COM;.EXE;.BAT;.CMD;.VBS;.VBE;.JS;.JSE;.WSF;.WSH;.MSC","WINDIR":"C:\\Windows","SERVER_SIGNATURE":"<address>Apache\/2.4.58 (Win64) OpenSSL\/3.1.3 PHP\/8.2.12 Server at 192.168.1.3 Port 80<\/address>\n","SERVER_SOFTWARE":"Apache\/2.4.58 (Win64) OpenSSL\/3.1.3 PHP\/8.2.12","SERVER_NAME":"192.168.1.3","SERVER_ADDR":"192.168.1.3","SERVER_PORT":"80","REMOTE_ADDR":"192.168.1.2","DOCUMENT_ROOT":"C:\/xampp\/htdocs","REQUEST_SCHEME":"http","CONTEXT_PREFIX":"","CONTEXT_DOCUMENT_ROOT":"C:\/xampp\/htdocs","SERVER_ADMIN":"postmaster@localhost","SCRIPT_FILENAME":"C:\/xampp\/htdocs\/api\/auth\/profile.php","REMOTE_PORT":"39646","GATEWAY_INTERFACE":"CGI\/1.1","SERVER_PROTOCOL":"HTTP\/1.1","REQUEST_METHOD":"GET","QUERY_STRING":"","REQUEST_URI":"\/api\/auth\/profile.php","SCRIPT_NAME":"\/api\/auth\/profile.php","PHP_SELF":"\/api\/auth\/profile.php","REQUEST_TIME_FLOAT":1765638675.116824,"REQUEST_TIME":1765638675}
[13-Dec-2025 20:41:15 Asia/Kolkata] Profile API: Token extracted: 4416485867a54995dbae...
[13-Dec-2025 20:41:15 Asia/Kolkata] Profile API: Token received: 4416485867a54995dbae...
[13-Dec-2025 20:41:15 Asia/Kolkata] Profile API: Returning most recent active user (fallback)
[13-Dec-2025 20:41:17 Asia/Kolkata] Profile API: Headers: {"HTTP_AUTHORIZATION":"Bearer 4416485867a54995dbae3a9a2a620b7dd1aa072fc9ea655e184eb97fb2750e65","MIBDIRS":"C:\/xampp\/php\/extras\/mibs","MYSQL_HOME":"\\xampp\\mysql\\bin","OPENSSL_CONF":"C:\/xampp\/apache\/bin\/openssl.cnf","PHP_PEAR_SYSCONF_DIR":"\\xampp\\php","PHPRC":"\\xampp\\php","TMP":"\\xampp\\tmp","HTTP_USER_AGENT":"Dart\/3.10 (dart:io)","HTTP_ACCEPT":"application\/json","HTTP_ACCEPT_ENCODING":"gzip","HTTP_HOST":"192.168.1.3","CONTENT_TYPE":"application\/json","PATH":"C:\\Program Files\\Common Files\\Oracle\\Java\\javapath;C:\\Program Files (x86)\\Common Files\\Oracle\\Java\\java8path;C:\\Program Files (x86)\\Common Files\\Oracle\\Java\\javapath;C:\\Program Files (x86)\\Common Files\\Intel\\Shared Libraries\\redist\\intel64\\compiler;C:\\Windows\\system32;C:\\Windows;C:\\Windows\\System32\\Wbem;C:\\Windows\\System32\\WindowsPowerShell\\v1.0\\;C:\\Windows\\System32\\OpenSSH\\;C:\\Program Files (x86)\\NVIDIA Corporation\\PhysX\\Common;C:\\Program Files\\NVIDIA Corporation\\NVIDIA NvDLISR;C:\\src\\flutter_windows_3.35.3-stable\\flutter\\bin;C:\\src\\dartsdk-windows-x64-release\\dart-sdk\\bin;C:\\xampp\\php;C:\\ProgramData\\ComposerSetup\\bin;C:\\Program Files\\Git\\cmd;C:\\Users\\Manas\\AppData\\Local\\nvm;C:\\nvm4w\\nodejs;C:\\Program Files\\Java\\jdk-17\\bin;C:\\Program Files\\nodejs\\;C:\\Program Files\\dotnet\\;C:\\ffmpeg\\bin;C:\\Users\\Manas\\AppData\\Local\\Microsoft\\WindowsApps;C:\\Users\\Manas\\AppData\\Local\\Programs\\Microsoft VS Code\\bin;C:\\Users\\Manas\\AppData\\Roaming\\Composer\\vendor\\bin;C:\\Users\\Manas\\AppData\\Local\\nvm;C:\\nvm4w\\nodejs;C:\\Program Files\\Java\\jdk-17\\bin;C:\\Users\\Manas\\AppData\\Roaming\\npm;C:\\Users\\Manas\\.dotnet\\tools;C:\\ffmpeg\\bin;","SystemRoot":"C:\\Windows","COMSPEC":"C:\\Windows\\system32\\cmd.exe","PATHEXT":".COM;.EXE;.BAT;.CMD;.VBS;.VBE;.JS;.JSE;.WSF;.WSH;.MSC","WINDIR":"C:\\Windows","SERVER_SIGNATURE":"<address>Apache\/2.4.58 (Win64) OpenSSL\/3.1.3 PHP\/8.2.12 Server at 192.168.1.3 Port 80<\/address>\n","SERVER_SOFTWARE":"Apache\/2.4.58 (Win64) OpenSSL\/3.1.3 PHP\/8.2.12","SERVER_NAME":"192.168.1.3","SERVER_ADDR":"192.168.1.3","SERVER_PORT":"80","REMOTE_ADDR":"192.168.1.2","DOCUMENT_ROOT":"C:\/xampp\/htdocs","REQUEST_SCHEME":"http","CONTEXT_PREFIX":"","CONTEXT_DOCUMENT_ROOT":"C:\/xampp\/htdocs","SERVER_ADMIN":"postmaster@localhost","SCRIPT_FILENAME":"C:\/xampp\/htdocs\/api\/auth\/profile.php","REMOTE_PORT":"39650","GATEWAY_INTERFACE":"CGI\/1.1","SERVER_PROTOCOL":"HTTP\/1.1","REQUEST_METHOD":"GET","QUERY_STRING":"","REQUEST_URI":"\/api\/auth\/profile.php","SCRIPT_NAME":"\/api\/auth\/profile.php","PHP_SELF":"\/api\/auth\/profile.php","REQUEST_TIME_FLOAT":1765638676.971273,"REQUEST_TIME":1765638676}
[13-Dec-2025 20:41:17 Asia/Kolkata] Profile API: Token extracted: 4416485867a54995dbae...
[13-Dec-2025 20:41:17 Asia/Kolkata] Profile API: Token received: 4416485867a54995dbae...
[13-Dec-2025 20:41:17 Asia/Kolkata] Profile API: Returning most recent active user (fallback)
[13-Dec-2025 20:41:19 Asia/Kolkata] Profile API: Headers: {"HTTP_AUTHORIZATION":"Bearer 4416485867a54995dbae3a9a2a620b7dd1aa072fc9ea655e184eb97fb2750e65","MIBDIRS":"C:\/xampp\/php\/extras\/mibs","MYSQL_HOME":"\\xampp\\mysql\\bin","OPENSSL_CONF":"C:\/xampp\/apache\/bin\/openssl.cnf","PHP_PEAR_SYSCONF_DIR":"\\xampp\\php","PHPRC":"\\xampp\\php","TMP":"\\xampp\\tmp","HTTP_USER_AGENT":"Dart\/3.10 (dart:io)","HTTP_ACCEPT":"application\/json","HTTP_ACCEPT_ENCODING":"gzip","HTTP_HOST":"192.168.1.3","CONTENT_TYPE":"application\/json","PATH":"C:\\Program Files\\Common Files\\Oracle\\Java\\javapath;C:\\Program Files (x86)\\Common Files\\Oracle\\Java\\java8path;C:\\Program Files (x86)\\Common Files\\Oracle\\Java\\javapath;C:\\Program Files (x86)\\Common Files\\Intel\\Shared Libraries\\redist\\intel64\\compiler;C:\\Windows\\system32;C:\\Windows;C:\\Windows\\System32\\Wbem;C:\\Windows\\System32\\WindowsPowerShell\\v1.0\\;C:\\Windows\\System32\\OpenSSH\\;C:\\Program Files (x86)\\NVIDIA Corporation\\PhysX\\Common;C:\\Program Files\\NVIDIA Corporation\\NVIDIA NvDLISR;C:\\src\\flutter_windows_3.35.3-stable\\flutter\\bin;C:\\src\\dartsdk-windows-x64-release\\dart-sdk\\bin;C:\\xampp\\php;C:\\ProgramData\\ComposerSetup\\bin;C:\\Program Files\\Git\\cmd;C:\\Users\\Manas\\AppData\\Local\\nvm;C:\\nvm4w\\nodejs;C:\\Program Files\\Java\\jdk-17\\bin;C:\\Program Files\\nodejs\\;C:\\Program Files\\dotnet\\;C:\\ffmpeg\\bin;C:\\Users\\Manas\\AppData\\Local\\Microsoft\\WindowsApps;C:\\Users\\Manas\\AppData\\Local\\Programs\\Microsoft VS Code\\bin;C:\\Users\\Manas\\AppData\\Roaming\\Composer\\vendor\\bin;C:\\Users\\Manas\\AppData\\Local\\nvm;C:\\nvm4w\\nodejs;C:\\Program Files\\Java\\jdk-17\\bin;C:\\Users\\Manas\\AppData\\Roaming\\npm;C:\\Users\\Manas\\.dotnet\\tools;C:\\ffmpeg\\bin;","SystemRoot":"C:\\Windows","COMSPEC":"C:\\Windows\\system32\\cmd.exe","PATHEXT":".COM;.EXE;.BAT;.CMD;.VBS;.VBE;.JS;.JSE;.WSF;.WSH;.MSC","WINDIR":"C:\\Windows","SERVER_SIGNATURE":"<address>Apache\/2.4.58 (Win64) OpenSSL\/3.1.3 PHP\/8.2.12 Server at 192.168.1.3 Port 80<\/address>\n","SERVER_SOFTWARE":"Apache\/2.4.58 (Win64) OpenSSL\/3.1.3 PHP\/8.2.12","SERVER_NAME":"192.168.1.3","SERVER_ADDR":"192.168.1.3","SERVER_PORT":"80","REMOTE_ADDR":"192.168.1.2","DOCUMENT_ROOT":"C:\/xampp\/htdocs","REQUEST_SCHEME":"http","CONTEXT_PREFIX":"","CONTEXT_DOCUMENT_ROOT":"C:\/xampp\/htdocs","SERVER_ADMIN":"postmaster@localhost","SCRIPT_FILENAME":"C:\/xampp\/htdocs\/api\/auth\/profile.php","REMOTE_PORT":"39664","GATEWAY_INTERFACE":"CGI\/1.1","SERVER_PROTOCOL":"HTTP\/1.1","REQUEST_METHOD":"GET","QUERY_STRING":"","REQUEST_URI":"\/api\/auth\/profile.php","SCRIPT_NAME":"\/api\/auth\/profile.php","PHP_SELF":"\/api\/auth\/profile.php","REQUEST_TIME_FLOAT":1765638679.041658,"REQUEST_TIME":1765638679}
[13-Dec-2025 20:41:19 Asia/Kolkata] Profile API: Token extracted: 4416485867a54995dbae...
[13-Dec-2025 20:41:19 Asia/Kolkata] Profile API: Token received: 4416485867a54995dbae...
[13-Dec-2025 20:41:19 Asia/Kolkata] Profile API: Returning most recent active user (fallback)
[13-Dec-2025 20:41:21 Asia/Kolkata] Profile API: Headers: {"HTTP_AUTHORIZATION":"Bearer 4416485867a54995dbae3a9a2a620b7dd1aa072fc9ea655e184eb97fb2750e65","MIBDIRS":"C:\/xampp\/php\/extras\/mibs","MYSQL_HOME":"\\xampp\\mysql\\bin","OPENSSL_CONF":"C:\/xampp\/apache\/bin\/openssl.cnf","PHP_PEAR_SYSCONF_DIR":"\\xampp\\php","PHPRC":"\\xampp\\php","TMP":"\\xampp\\tmp","HTTP_USER_AGENT":"Dart\/3.10 (dart:io)","HTTP_ACCEPT":"application\/json","HTTP_ACCEPT_ENCODING":"gzip","HTTP_HOST":"192.168.1.3","CONTENT_TYPE":"application\/json","PATH":"C:\\Program Files\\Common Files\\Oracle\\Java\\javapath;C:\\Program Files (x86)\\Common Files\\Oracle\\Java\\java8path;C:\\Program Files (x86)\\Common Files\\Oracle\\Java\\javapath;C:\\Program Files (x86)\\Common Files\\Intel\\Shared Libraries\\redist\\intel64\\compiler;C:\\Windows\\system32;C:\\Windows;C:\\Windows\\System32\\Wbem;C:\\Windows\\System32\\WindowsPowerShell\\v1.0\\;C:\\Windows\\System32\\OpenSSH\\;C:\\Program Files (x86)\\NVIDIA Corporation\\PhysX\\Common;C:\\Program Files\\NVIDIA Corporation\\NVIDIA NvDLISR;C:\\src\\flutter_windows_3.35.3-stable\\flutter\\bin;C:\\src\\dartsdk-windows-x64-release\\dart-sdk\\bin;C:\\xampp\\php;C:\\ProgramData\\ComposerSetup\\bin;C:\\Program Files\\Git\\cmd;C:\\Users\\Manas\\AppData\\Local\\nvm;C:\\nvm4w\\nodejs;C:\\Program Files\\Java\\jdk-17\\bin;C:\\Program Files\\nodejs\\;C:\\Program Files\\dotnet\\;C:\\ffmpeg\\bin;C:\\Users\\Manas\\AppData\\Local\\Microsoft\\WindowsApps;C:\\Users\\Manas\\AppData\\Local\\Programs\\Microsoft VS Code\\bin;C:\\Users\\Manas\\AppData\\Roaming\\Composer\\vendor\\bin;C:\\Users\\Manas\\AppData\\Local\\nvm;C:\\nvm4w\\nodejs;C:\\Program Files\\Java\\jdk-17\\bin;C:\\Users\\Manas\\AppData\\Roaming\\npm;C:\\Users\\Manas\\.dotnet\\tools;C:\\ffmpeg\\bin;","SystemRoot":"C:\\Windows","COMSPEC":"C:\\Windows\\system32\\cmd.exe","PATHEXT":".COM;.EXE;.BAT;.CMD;.VBS;.VBE;.JS;.JSE;.WSF;.WSH;.MSC","WINDIR":"C:\\Windows","SERVER_SIGNATURE":"<address>Apache\/2.4.58 (Win64) OpenSSL\/3.1.3 PHP\/8.2.12 Server at 192.168.1.3 Port 80<\/address>\n","SERVER_SOFTWARE":"Apache\/2.4.58 (Win64) OpenSSL\/3.1.3 PHP\/8.2.12","SERVER_NAME":"192.168.1.3","SERVER_ADDR":"192.168.1.3","SERVER_PORT":"80","REMOTE_ADDR":"192.168.1.2","DOCUMENT_ROOT":"C:\/xampp\/htdocs","REQUEST_SCHEME":"http","CONTEXT_PREFIX":"","CONTEXT_DOCUMENT_ROOT":"C:\/xampp\/htdocs","SERVER_ADMIN":"postmaster@localhost","SCRIPT_FILENAME":"C:\/xampp\/htdocs\/api\/auth\/profile.php","REMOTE_PORT":"39692","GATEWAY_INTERFACE":"CGI\/1.1","SERVER_PROTOCOL":"HTTP\/1.1","REQUEST_METHOD":"GET","QUERY_STRING":"","REQUEST_URI":"\/api\/auth\/profile.php","SCRIPT_NAME":"\/api\/auth\/profile.php","PHP_SELF":"\/api\/auth\/profile.php","REQUEST_TIME_FLOAT":1765638681.890541,"REQUEST_TIME":1765638681}
[13-Dec-2025 20:41:21 Asia/Kolkata] Profile API: Token extracted: 4416485867a54995dbae...
[13-Dec-2025 20:41:21 Asia/Kolkata] Profile API: Token received: 4416485867a54995dbae...
[13-Dec-2025 20:41:21 Asia/Kolkata] Profile API: Returning most recent active user (fallback)
[13-Dec-2025 20:42:05 Asia/Kolkata] Profile API: Headers: {"HTTP_AUTHORIZATION":"Bearer 4416485867a54995dbae3a9a2a620b7dd1aa072fc9ea655e184eb97fb2750e65","MIBDIRS":"C:\/xampp\/php\/extras\/mibs","MYSQL_HOME":"\\xampp\\mysql\\bin","OPENSSL_CONF":"C:\/xampp\/apache\/bin\/openssl.cnf","PHP_PEAR_SYSCONF_DIR":"\\xampp\\php","PHPRC":"\\xampp\\php","TMP":"\\xampp\\tmp","HTTP_USER_AGENT":"Dart\/3.10 (dart:io)","HTTP_ACCEPT":"application\/json","HTTP_ACCEPT_ENCODING":"gzip","HTTP_HOST":"192.168.1.3","CONTENT_TYPE":"application\/json","PATH":"C:\\Program Files\\Common Files\\Oracle\\Java\\javapath;C:\\Program Files (x86)\\Common Files\\Oracle\\Java\\java8path;C:\\Program Files (x86)\\Common Files\\Oracle\\Java\\javapath;C:\\Program Files (x86)\\Common Files\\Intel\\Shared Libraries\\redist\\intel64\\compiler;C:\\Windows\\system32;C:\\Windows;C:\\Windows\\System32\\Wbem;C:\\Windows\\System32\\WindowsPowerShell\\v1.0\\;C:\\Windows\\System32\\OpenSSH\\;C:\\Program Files (x86)\\NVIDIA Corporation\\PhysX\\Common;C:\\Program Files\\NVIDIA Corporation\\NVIDIA NvDLISR;C:\\src\\flutter_windows_3.35.3-stable\\flutter\\bin;C:\\src\\dartsdk-windows-x64-release\\dart-sdk\\bin;C:\\xampp\\php;C:\\ProgramData\\ComposerSetup\\bin;C:\\Program Files\\Git\\cmd;C:\\Users\\Manas\\AppData\\Local\\nvm;C:\\nvm4w\\nodejs;C:\\Program Files\\Java\\jdk-17\\bin;C:\\Program Files\\nodejs\\;C:\\Program Files\\dotnet\\;C:\\ffmpeg\\bin;C:\\Users\\Manas\\AppData\\Local\\Microsoft\\WindowsApps;C:\\Users\\Manas\\AppData\\Local\\Programs\\Microsoft VS Code\\bin;C:\\Users\\Manas\\AppData\\Roaming\\Composer\\vendor\\bin;C:\\Users\\Manas\\AppData\\Local\\nvm;C:\\nvm4w\\nodejs;C:\\Program Files\\Java\\jdk-17\\bin;C:\\Users\\Manas\\AppData\\Roaming\\npm;C:\\Users\\Manas\\.dotnet\\tools;C:\\ffmpeg\\bin;","SystemRoot":"C:\\Windows","COMSPEC":"C:\\Windows\\system32\\cmd.exe","PATHEXT":".COM;.EXE;.BAT;.CMD;.VBS;.VBE;.JS;.JSE;.WSF;.WSH;.MSC","WINDIR":"C:\\Windows","SERVER_SIGNATURE":"<address>Apache\/2.4.58 (Win64) OpenSSL\/3.1.3 PHP\/8.2.12 Server at 192.168.1.3 Port 80<\/address>\n","SERVER_SOFTWARE":"Apache\/2.4.58 (Win64) OpenSSL\/3.1.3 PHP\/8.2.12","SERVER_NAME":"192.168.1.3","SERVER_ADDR":"192.168.1.3","SERVER_PORT":"80","REMOTE_ADDR":"192.168.1.2","DOCUMENT_ROOT":"C:\/xampp\/htdocs","REQUEST_SCHEME":"http","CONTEXT_PREFIX":"","CONTEXT_DOCUMENT_ROOT":"C:\/xampp\/htdocs","SERVER_ADMIN":"postmaster@localhost","SCRIPT_FILENAME":"C:\/xampp\/htdocs\/api\/auth\/profile.php","REMOTE_PORT":"39284","GATEWAY_INTERFACE":"CGI\/1.1","SERVER_PROTOCOL":"HTTP\/1.1","REQUEST_METHOD":"GET","QUERY_STRING":"","REQUEST_URI":"\/api\/auth\/profile.php","SCRIPT_NAME":"\/api\/auth\/profile.php","PHP_SELF":"\/api\/auth\/profile.php","REQUEST_TIME_FLOAT":1765638725.327742,"REQUEST_TIME":1765638725}
[13-Dec-2025 20:42:05 Asia/Kolkata] Profile API: Token extracted: 4416485867a54995dbae...
[13-Dec-2025 20:42:05 Asia/Kolkata] Profile API: Token received: 4416485867a54995dbae...
[13-Dec-2025 20:42:05 Asia/Kolkata] Profile API: Returning most recent active user (fallback)
[13-Dec-2025 20:42:40 Asia/Kolkata] Profile API: Headers: {"HTTP_AUTHORIZATION":"Bearer 4416485867a54995dbae3a9a2a620b7dd1aa072fc9ea655e184eb97fb2750e65","MIBDIRS":"C:\/xampp\/php\/extras\/mibs","MYSQL_HOME":"\\xampp\\mysql\\bin","OPENSSL_CONF":"C:\/xampp\/apache\/bin\/openssl.cnf","PHP_PEAR_SYSCONF_DIR":"\\xampp\\php","PHPRC":"\\xampp\\php","TMP":"\\xampp\\tmp","HTTP_USER_AGENT":"Dart\/3.10 (dart:io)","HTTP_ACCEPT":"application\/json","HTTP_ACCEPT_ENCODING":"gzip","HTTP_HOST":"192.168.1.3","CONTENT_TYPE":"application\/json","PATH":"C:\\Program Files\\Common Files\\Oracle\\Java\\javapath;C:\\Program Files (x86)\\Common Files\\Oracle\\Java\\java8path;C:\\Program Files (x86)\\Common Files\\Oracle\\Java\\javapath;C:\\Program Files (x86)\\Common Files\\Intel\\Shared Libraries\\redist\\intel64\\compiler;C:\\Windows\\system32;C:\\Windows;C:\\Windows\\System32\\Wbem;C:\\Windows\\System32\\WindowsPowerShell\\v1.0\\;C:\\Windows\\System32\\OpenSSH\\;C:\\Program Files (x86)\\NVIDIA Corporation\\PhysX\\Common;C:\\Program Files\\NVIDIA Corporation\\NVIDIA NvDLISR;C:\\src\\flutter_windows_3.35.3-stable\\flutter\\bin;C:\\src\\dartsdk-windows-x64-release\\dart-sdk\\bin;C:\\xampp\\php;C:\\ProgramData\\ComposerSetup\\bin;C:\\Program Files\\Git\\cmd;C:\\Users\\Manas\\AppData\\Local\\nvm;C:\\nvm4w\\nodejs;C:\\Program Files\\Java\\jdk-17\\bin;C:\\Program Files\\nodejs\\;C:\\Program Files\\dotnet\\;C:\\ffmpeg\\bin;C:\\Users\\Manas\\AppData\\Local\\Microsoft\\WindowsApps;C:\\Users\\Manas\\AppData\\Local\\Programs\\Microsoft VS Code\\bin;C:\\Users\\Manas\\AppData\\Roaming\\Composer\\vendor\\bin;C:\\Users\\Manas\\AppData\\Local\\nvm;C:\\nvm4w\\nodejs;C:\\Program Files\\Java\\jdk-17\\bin;C:\\Users\\Manas\\AppData\\Roaming\\npm;C:\\Users\\Manas\\.dotnet\\tools;C:\\ffmpeg\\bin;","SystemRoot":"C:\\Windows","COMSPEC":"C:\\Windows\\system32\\cmd.exe","PATHEXT":".COM;.EXE;.BAT;.CMD;.VBS;.VBE;.JS;.JSE;.WSF;.WSH;.MSC","WINDIR":"C:\\Windows","SERVER_SIGNATURE":"<address>Apache\/2.4.58 (Win64) OpenSSL\/3.1.3 PHP\/8.2.12 Server at 192.168.1.3 Port 80<\/address>\n","SERVER_SOFTWARE":"Apache\/2.4.58 (Win64) OpenSSL\/3.1.3 PHP\/8.2.12","SERVER_NAME":"192.168.1.3","SERVER_ADDR":"192.168.1.3","SERVER_PORT":"80","REMOTE_ADDR":"192.168.1.2","DOCUMENT_ROOT":"C:\/xampp\/htdocs","REQUEST_SCHEME":"http","CONTEXT_PREFIX":"","CONTEXT_DOCUMENT_ROOT":"C:\/xampp\/htdocs","SERVER_ADMIN":"postmaster@localhost","SCRIPT_FILENAME":"C:\/xampp\/htdocs\/api\/auth\/profile.php","REMOTE_PORT":"40518","GATEWAY_INTERFACE":"CGI\/1.1","SERVER_PROTOCOL":"HTTP\/1.1","REQUEST_METHOD":"GET","QUERY_STRING":"","REQUEST_URI":"\/api\/auth\/profile.php","SCRIPT_NAME":"\/api\/auth\/profile.php","PHP_SELF":"\/api\/auth\/profile.php","REQUEST_TIME_FLOAT":1765638760.556819,"REQUEST_TIME":1765638760}
[13-Dec-2025 20:42:40 Asia/Kolkata] Profile API: Token extracted: 4416485867a54995dbae...
[13-Dec-2025 20:42:40 Asia/Kolkata] Profile API: Token received: 4416485867a54995dbae...
[13-Dec-2025 20:42:40 Asia/Kolkata] Profile API: Returning most recent active user (fallback)
[13-Dec-2025 20:45:57 Asia/Kolkata] Database Query Error: SQLSTATE[42S02]: Base table or view not found: 1146 Table 'news_website.cases' doesn't exist
[13-Dec-2025 20:46:00 Asia/Kolkata] Database Query Error: SQLSTATE[42S02]: Base table or view not found: 1146 Table 'news_website.cases' doesn't exist
[13-Dec-2025 20:46:30 Asia/Kolkata] Database Query Error: SQLSTATE[42S02]: Base table or view not found: 1146 Table 'news_website.cases' doesn't exist
[13-Dec-2025 20:46:35 Asia/Kolkata] PHP Fatal error:  Uncaught Error: Using $this when not in object context in C:\xampp\htdocs\api\tracking\save.php:50
Stack trace:
#0 {main}
  thrown in C:\xampp\htdocs\api\tracking\save.php on line 50
[13-Dec-2025 20:47:00 Asia/Kolkata] Database Query Error: SQLSTATE[42S02]: Base table or view not found: 1146 Table 'news_website.cases' doesn't exist
[13-Dec-2025 20:47:30 Asia/Kolkata] Database Query Error: SQLSTATE[42S02]: Base table or view not found: 1146 Table 'news_website.cases' doesn't exist
[13-Dec-2025 20:47:56 Asia/Kolkata] Database Query Error: SQLSTATE[42S02]: Base table or view not found: 1146 Table 'news_website.cases' doesn't exist
[13-Dec-2025 20:48:00 Asia/Kolkata] Database Query Error: SQLSTATE[42S02]: Base table or view not found: 1146 Table 'news_website.cases' doesn't exist
[13-Dec-2025 20:48:00 Asia/Kolkata] Database Query Error: SQLSTATE[42S02]: Base table or view not found: 1146 Table 'news_website.cases' doesn't exist
[13-Dec-2025 20:48:20 Asia/Kolkata] Database Query Error: SQLSTATE[42S02]: Base table or view not found: 1146 Table 'news_website.cases' doesn't exist
[13-Dec-2025 20:48:30 Asia/Kolkata] Database Query Error: SQLSTATE[42S02]: Base table or view not found: 1146 Table 'news_website.cases' doesn't exist
[13-Dec-2025 20:48:30 Asia/Kolkata] Database Query Error: SQLSTATE[42S22]: Column not found: 1054 Unknown column 'a.comments_enabled' in 'field list'
[13-Dec-2025 16:18:51 Europe/Berlin] PHP Warning:  require_once(../../config/database.php): Failed to open stream: No such file or directory in C:\xampp\htdocs\api\mobile-stories\increment-view.php on line 6
[13-Dec-2025 16:18:51 Europe/Berlin] PHP Fatal error:  Uncaught Error: Failed opening required '../../config/database.php' (include_path='C:\xampp\php\PEAR') in C:\xampp\htdocs\api\mobile-stories\increment-view.php:6
Stack trace:
#0 {main}
  thrown in C:\xampp\htdocs\api\mobile-stories\increment-view.php on line 6
[13-Dec-2025 20:48:51 Asia/Kolkata] Database Query Error: SQLSTATE[42S02]: Base table or view not found: 1146 Table 'news_website.cases' doesn't exist
[13-Dec-2025 16:18:56 Europe/Berlin] PHP Warning:  require_once(../../config/database.php): Failed to open stream: No such file or directory in C:\xampp\htdocs\api\mobile-stories\increment-view.php on line 6
[13-Dec-2025 16:18:56 Europe/Berlin] PHP Fatal error:  Uncaught Error: Failed opening required '../../config/database.php' (include_path='C:\xampp\php\PEAR') in C:\xampp\htdocs\api\mobile-stories\increment-view.php:6
Stack trace:
#0 {main}
  thrown in C:\xampp\htdocs\api\mobile-stories\increment-view.php on line 6
[13-Dec-2025 16:18:56 Europe/Berlin] PHP Warning:  require_once(../../config/database.php): Failed to open stream: No such file or directory in C:\xampp\htdocs\api\mobile-stories\increment-view.php on line 6
[13-Dec-2025 16:18:56 Europe/Berlin] PHP Fatal error:  Uncaught Error: Failed opening required '../../config/database.php' (include_path='C:\xampp\php\PEAR') in C:\xampp\htdocs\api\mobile-stories\increment-view.php:6
Stack trace:
#0 {main}
  thrown in C:\xampp\htdocs\api\mobile-stories\increment-view.php on line 6
[13-Dec-2025 16:18:58 Europe/Berlin] PHP Warning:  require_once(../../config/database.php): Failed to open stream: No such file or directory in C:\xampp\htdocs\api\mobile-stories\increment-view.php on line 6
[13-Dec-2025 16:18:58 Europe/Berlin] PHP Fatal error:  Uncaught Error: Failed opening required '../../config/database.php' (include_path='C:\xampp\php\PEAR') in C:\xampp\htdocs\api\mobile-stories\increment-view.php:6
Stack trace:
#0 {main}
  thrown in C:\xampp\htdocs\api\mobile-stories\increment-view.php on line 6
[13-Dec-2025 16:18:59 Europe/Berlin] PHP Warning:  require_once(../../config/database.php): Failed to open stream: No such file or directory in C:\xampp\htdocs\api\mobile-stories\increment-view.php on line 6
[13-Dec-2025 16:18:59 Europe/Berlin] PHP Fatal error:  Uncaught Error: Failed opening required '../../config/database.php' (include_path='C:\xampp\php\PEAR') in C:\xampp\htdocs\api\mobile-stories\increment-view.php:6
Stack trace:
#0 {main}
  thrown in C:\xampp\htdocs\api\mobile-stories\increment-view.php on line 6
[13-Dec-2025 20:49:00 Asia/Kolkata] Database Query Error: SQLSTATE[42S02]: Base table or view not found: 1146 Table 'news_website.cases' doesn't exist
[13-Dec-2025 20:49:21 Asia/Kolkata] Database Query Error: SQLSTATE[42S02]: Base table or view not found: 1146 Table 'news_website.cases' doesn't exist
[13-Dec-2025 20:49:34 Asia/Kolkata] PHP Fatal error:  Uncaught Error: Using $this when not in object context in C:\xampp\htdocs\api\tracking\save.php:50
Stack trace:
#0 {main}
  thrown in C:\xampp\htdocs\api\tracking\save.php on line 50
[13-Dec-2025 20:49:34 Asia/Kolkata] PHP Warning:  Undefined array key "featured_image" in C:\xampp\htdocs\rss.php on line 64
[13-Dec-2025 20:49:34 Asia/Kolkata] PHP Warning:  Undefined array key "featured_image" in C:\xampp\htdocs\rss.php on line 64
[13-Dec-2025 20:49:34 Asia/Kolkata] PHP Warning:  Undefined array key "featured_image" in C:\xampp\htdocs\rss.php on line 64
[13-Dec-2025 20:49:34 Asia/Kolkata] PHP Warning:  Undefined array key "featured_image" in C:\xampp\htdocs\rss.php on line 64
[13-Dec-2025 20:49:34 Asia/Kolkata] PHP Warning:  Undefined array key "featured_image" in C:\xampp\htdocs\rss.php on line 64
[13-Dec-2025 20:49:34 Asia/Kolkata] PHP Warning:  Undefined array key "featured_image" in C:\xampp\htdocs\rss.php on line 64
[13-Dec-2025 20:49:34 Asia/Kolkata] PHP Warning:  Undefined array key "featured_image" in C:\xampp\htdocs\rss.php on line 64
[13-Dec-2025 20:49:34 Asia/Kolkata] PHP Warning:  Undefined array key "featured_image" in C:\xampp\htdocs\rss.php on line 64
[13-Dec-2025 20:49:34 Asia/Kolkata] PHP Warning:  Undefined array key "featured_image" in C:\xampp\htdocs\rss.php on line 64
[13-Dec-2025 20:49:34 Asia/Kolkata] PHP Warning:  Undefined array key "featured_image" in C:\xampp\htdocs\rss.php on line 64
[13-Dec-2025 20:49:34 Asia/Kolkata] PHP Warning:  Undefined array key "featured_image" in C:\xampp\htdocs\rss.php on line 64
[13-Dec-2025 20:49:34 Asia/Kolkata] PHP Warning:  Undefined array key "featured_image" in C:\xampp\htdocs\rss.php on line 64
[13-Dec-2025 20:49:34 Asia/Kolkata] PHP Warning:  Undefined array key "featured_image" in C:\xampp\htdocs\rss.php on line 64
[13-Dec-2025 20:49:34 Asia/Kolkata] PHP Warning:  Undefined array key "featured_image" in C:\xampp\htdocs\rss.php on line 64
[13-Dec-2025 20:49:34 Asia/Kolkata] PHP Warning:  Undefined array key "featured_image" in C:\xampp\htdocs\rss.php on line 64
[13-Dec-2025 20:49:34 Asia/Kolkata] PHP Warning:  Undefined array key "featured_image" in C:\xampp\htdocs\rss.php on line 64
[13-Dec-2025 20:49:34 Asia/Kolkata] PHP Warning:  Undefined array key "featured_image" in C:\xampp\htdocs\rss.php on line 64
[13-Dec-2025 20:49:34 Asia/Kolkata] PHP Warning:  Undefined array key "featured_image" in C:\xampp\htdocs\rss.php on line 64
[13-Dec-2025 20:49:34 Asia/Kolkata] PHP Warning:  Undefined array key "featured_image" in C:\xampp\htdocs\rss.php on line 64
[13-Dec-2025 20:49:34 Asia/Kolkata] PHP Warning:  Undefined array key "featured_image" in C:\xampp\htdocs\rss.php on line 64
[13-Dec-2025 20:49:34 Asia/Kolkata] PHP Warning:  Undefined array key "featured_image" in C:\xampp\htdocs\rss.php on line 64
[13-Dec-2025 20:49:34 Asia/Kolkata] PHP Warning:  Undefined array key "featured_image" in C:\xampp\htdocs\rss.php on line 64
[13-Dec-2025 20:49:34 Asia/Kolkata] PHP Warning:  Undefined array key "featured_image" in C:\xampp\htdocs\rss.php on line 64
[13-Dec-2025 20:49:34 Asia/Kolkata] PHP Warning:  Undefined array key "featured_image" in C:\xampp\htdocs\rss.php on line 64
[13-Dec-2025 20:49:34 Asia/Kolkata] PHP Warning:  Undefined array key "featured_image" in C:\xampp\htdocs\rss.php on line 64
[13-Dec-2025 20:49:34 Asia/Kolkata] PHP Warning:  Undefined array key "featured_image" in C:\xampp\htdocs\rss.php on line 64
[13-Dec-2025 20:49:34 Asia/Kolkata] PHP Warning:  Undefined array key "featured_image" in C:\xampp\htdocs\rss.php on line 64
[13-Dec-2025 20:49:34 Asia/Kolkata] PHP Warning:  Undefined array key "featured_image" in C:\xampp\htdocs\rss.php on line 64
[13-Dec-2025 20:49:46 Asia/Kolkata] PHP Fatal error:  Uncaught Error: Using $this when not in object context in C:\xampp\htdocs\api\tracking\save.php:50
Stack trace:
#0 {main}
  thrown in C:\xampp\htdocs\api\tracking\save.php on line 50
[13-Dec-2025 20:49:48 Asia/Kolkata] PHP Fatal error:  Uncaught Error: Using $this when not in object context in C:\xampp\htdocs\api\tracking\save.php:50
Stack trace:
#0 {main}
  thrown in C:\xampp\htdocs\api\tracking\save.php on line 50
[13-Dec-2025 20:49:50 Asia/Kolkata] PHP Fatal error:  Uncaught Error: Using $this when not in object context in C:\xampp\htdocs\api\tracking\save.php:50
Stack trace:
#0 {main}
  thrown in C:\xampp\htdocs\api\tracking\save.php on line 50
[13-Dec-2025 20:49:51 Asia/Kolkata] Database Query Error: SQLSTATE[42S02]: Base table or view not found: 1146 Table 'news_website.cases' doesn't exist
[13-Dec-2025 20:49:51 Asia/Kolkata] Database Query Error: SQLSTATE[42S02]: Base table or view not found: 1146 Table 'news_website.cases' doesn't exist
[13-Dec-2025 20:50:21 Asia/Kolkata] PHP Fatal error:  Uncaught Error: Using $this when not in object context in C:\xampp\htdocs\api\tracking\save.php:50
Stack trace:
#0 {main}
  thrown in C:\xampp\htdocs\api\tracking\save.php on line 50
[13-Dec-2025 20:50:21 Asia/Kolkata] Database Query Error: SQLSTATE[42S02]: Base table or view not found: 1146 Table 'news_website.cases' doesn't exist
[13-Dec-2025 20:50:51 Asia/Kolkata] Database Query Error: SQLSTATE[42S02]: Base table or view not found: 1146 Table 'news_website.cases' doesn't exist
[13-Dec-2025 20:50:51 Asia/Kolkata] Database Query Error: SQLSTATE[42S02]: Base table or view not found: 1146 Table 'news_website.cases' doesn't exist
[13-Dec-2025 20:51:21 Asia/Kolkata] Database Query Error: SQLSTATE[42S02]: Base table or view not found: 1146 Table 'news_website.cases' doesn't exist
[13-Dec-2025 20:51:51 Asia/Kolkata] Database Query Error: SQLSTATE[42S02]: Base table or view not found: 1146 Table 'news_website.cases' doesn't exist
[13-Dec-2025 20:51:51 Asia/Kolkata] Database Query Error: SQLSTATE[42S02]: Base table or view not found: 1146 Table 'news_website.cases' doesn't exist
[13-Dec-2025 20:53:04 Asia/Kolkata] Database Query Error: SQLSTATE[42S02]: Base table or view not found: 1146 Table 'news_website.cases' doesn't exist
[13-Dec-2025 20:53:06 Asia/Kolkata] Database Query Error: SQLSTATE[42S02]: Base table or view not found: 1146 Table 'news_website.cases' doesn't exist
[13-Dec-2025 20:53:39 Asia/Kolkata] Database Query Error: SQLSTATE[42S02]: Base table or view not found: 1146 Table 'news_website.cases' doesn't exist
[13-Dec-2025 20:53:51 Asia/Kolkata] Database Query Error: SQLSTATE[42S02]: Base table or view not found: 1146 Table 'news_website.cases' doesn't exist
[13-Dec-2025 20:53:51 Asia/Kolkata] Database Query Error: SQLSTATE[42S02]: Base table or view not found: 1146 Table 'news_website.cases' doesn't exist
[13-Dec-2025 20:53:56 Asia/Kolkata] Verify OTP - Email: manas8teen@gmail.com, OTP: 911305, User Type: user
[13-Dec-2025 20:53:56 Asia/Kolkata] All OTPs for manas8teen@gmail.com: [{"id":30,"otp_code":"911305","purpose":"login","user_type":"user","is_used":0,"verified":0,"expires_at":"2025-12-13 21:03:22","created_at":"2025-12-13 20:53:22"},{"id":28,"otp_code":"669975","purpose":"login","user_type":"user","is_used":1,"verified":1,"expires_at":"2025-12-13 14:27:02","created_at":"2025-12-13 14:17:02"},{"id":16,"otp_code":"900538","purpose":"login","user_type":"user","is_used":0,"verified":0,"expires_at":"2025-12-13 13:26:01","created_at":"2025-12-13 13:16:01"}]
[13-Dec-2025 20:53:56 Asia/Kolkata] OTP Record Found: YES
[13-Dec-2025 20:53:56 Asia/Kolkata] Insert Error: SQLSTATE[42S22]: Column not found: 1054 Unknown column 'user_agent' in 'field list'
[13-Dec-2025 20:53:56 Asia/Kolkata] Session creation warning: Insert Error: SQLSTATE[42S22]: Column not found: 1054 Unknown column 'user_agent' in 'field list'
[13-Dec-2025 20:53:56 Asia/Kolkata] Profile API: Headers: {"HTTP_AUTHORIZATION":"Bearer 9541790c3f5a93d13640feb29666ae9bd456976f1061288f90c1e082e8571493","MIBDIRS":"C:\/xampp\/php\/extras\/mibs","MYSQL_HOME":"\\xampp\\mysql\\bin","OPENSSL_CONF":"C:\/xampp\/apache\/bin\/openssl.cnf","PHP_PEAR_SYSCONF_DIR":"\\xampp\\php","PHPRC":"\\xampp\\php","TMP":"\\xampp\\tmp","HTTP_USER_AGENT":"Dart\/3.10 (dart:io)","HTTP_ACCEPT":"application\/json","HTTP_ACCEPT_ENCODING":"gzip","HTTP_HOST":"192.168.1.3","CONTENT_TYPE":"application\/json","PATH":"C:\\Program Files\\Common Files\\Oracle\\Java\\javapath;C:\\Program Files (x86)\\Common Files\\Oracle\\Java\\java8path;C:\\Program Files (x86)\\Common Files\\Oracle\\Java\\javapath;C:\\Program Files (x86)\\Common Files\\Intel\\Shared Libraries\\redist\\intel64\\compiler;C:\\Windows\\system32;C:\\Windows;C:\\Windows\\System32\\Wbem;C:\\Windows\\System32\\WindowsPowerShell\\v1.0\\;C:\\Windows\\System32\\OpenSSH\\;C:\\Program Files (x86)\\NVIDIA Corporation\\PhysX\\Common;C:\\Program Files\\NVIDIA Corporation\\NVIDIA NvDLISR;C:\\src\\flutter_windows_3.35.3-stable\\flutter\\bin;C:\\src\\dartsdk-windows-x64-release\\dart-sdk\\bin;C:\\xampp\\php;C:\\ProgramData\\ComposerSetup\\bin;C:\\Program Files\\Git\\cmd;C:\\Users\\Manas\\AppData\\Local\\nvm;C:\\nvm4w\\nodejs;C:\\Program Files\\Java\\jdk-17\\bin;C:\\Program Files\\nodejs\\;C:\\Program Files\\dotnet\\;C:\\ffmpeg\\bin;C:\\Users\\Manas\\AppData\\Local\\Microsoft\\WindowsApps;C:\\Users\\Manas\\AppData\\Local\\Programs\\Microsoft VS Code\\bin;C:\\Users\\Manas\\AppData\\Roaming\\Composer\\vendor\\bin;C:\\Users\\Manas\\AppData\\Local\\nvm;C:\\nvm4w\\nodejs;C:\\Program Files\\Java\\jdk-17\\bin;C:\\Users\\Manas\\AppData\\Roaming\\npm;C:\\Users\\Manas\\.dotnet\\tools;C:\\ffmpeg\\bin;","SystemRoot":"C:\\Windows","COMSPEC":"C:\\Windows\\system32\\cmd.exe","PATHEXT":".COM;.EXE;.BAT;.CMD;.VBS;.VBE;.JS;.JSE;.WSF;.WSH;.MSC","WINDIR":"C:\\Windows","SERVER_SIGNATURE":"<address>Apache\/2.4.58 (Win64) OpenSSL\/3.1.3 PHP\/8.2.12 Server at 192.168.1.3 Port 80<\/address>\n","SERVER_SOFTWARE":"Apache\/2.4.58 (Win64) OpenSSL\/3.1.3 PHP\/8.2.12","SERVER_NAME":"192.168.1.3","SERVER_ADDR":"192.168.1.3","SERVER_PORT":"80","REMOTE_ADDR":"192.168.1.2","DOCUMENT_ROOT":"C:\/xampp\/htdocs","REQUEST_SCHEME":"http","CONTEXT_PREFIX":"","CONTEXT_DOCUMENT_ROOT":"C:\/xampp\/htdocs","SERVER_ADMIN":"postmaster@localhost","SCRIPT_FILENAME":"C:\/xampp\/htdocs\/api\/auth\/profile.php","REMOTE_PORT":"48744","GATEWAY_INTERFACE":"CGI\/1.1","SERVER_PROTOCOL":"HTTP\/1.1","REQUEST_METHOD":"GET","QUERY_STRING":"","REQUEST_URI":"\/api\/auth\/profile.php","SCRIPT_NAME":"\/api\/auth\/profile.php","PHP_SELF":"\/api\/auth\/profile.php","REQUEST_TIME_FLOAT":1765639436.421395,"REQUEST_TIME":1765639436}
[13-Dec-2025 20:53:56 Asia/Kolkata] Profile API: Token extracted: 9541790c3f5a93d13640...
[13-Dec-2025 20:53:56 Asia/Kolkata] Profile API: Token received: 9541790c3f5a93d13640...
[13-Dec-2025 20:53:56 Asia/Kolkata] Profile API: Returning most recent active user (fallback)
[13-Dec-2025 20:54:21 Asia/Kolkata] Database Query Error: SQLSTATE[42S02]: Base table or view not found: 1146 Table 'news_website.cases' doesn't exist
[13-Dec-2025 20:54:36 Asia/Kolkata] Category Articles API - Category ID: 3, Limit: 20, Offset: 0
[13-Dec-2025 20:54:36 Asia/Kolkata] Found category IDs: 3
[13-Dec-2025 20:54:36 Asia/Kolkata] Returning 4 articles for category 3
[13-Dec-2025 20:54:38 Asia/Kolkata] Category Articles API - Category ID: 3, Limit: 20, Offset: 4
[13-Dec-2025 20:54:38 Asia/Kolkata] Found category IDs: 3
[13-Dec-2025 20:54:38 Asia/Kolkata] Returning 0 articles for category 3
[13-Dec-2025 20:54:41 Asia/Kolkata] Category Articles API - Category ID: 3, Limit: 20, Offset: 4
[13-Dec-2025 20:54:41 Asia/Kolkata] Found category IDs: 3
[13-Dec-2025 20:54:41 Asia/Kolkata] Returning 0 articles for category 3
[13-Dec-2025 20:54:51 Asia/Kolkata] Database Query Error: SQLSTATE[42S02]: Base table or view not found: 1146 Table 'news_website.cases' doesn't exist
[13-Dec-2025 20:54:51 Asia/Kolkata] Database Query Error: SQLSTATE[42S02]: Base table or view not found: 1146 Table 'news_website.cases' doesn't exist
[13-Dec-2025 20:55:04 Asia/Kolkata] Category Articles API - Category ID: 2, Limit: 20, Offset: 0
[13-Dec-2025 20:55:04 Asia/Kolkata] Found category IDs: 2, 11
[13-Dec-2025 20:55:04 Asia/Kolkata] Returning 5 articles for category 2
[13-Dec-2025 20:55:08 Asia/Kolkata] Category Articles API - Category ID: 6, Limit: 20, Offset: 0
[13-Dec-2025 20:55:08 Asia/Kolkata] Found category IDs: 6
[13-Dec-2025 20:55:08 Asia/Kolkata] Returning 3 articles for category 6
[13-Dec-2025 20:55:08 Asia/Kolkata] Category Articles API - Category ID: 1, Limit: 20, Offset: 0
[13-Dec-2025 20:55:08 Asia/Kolkata] Found category IDs: 1
[13-Dec-2025 20:55:08 Asia/Kolkata] Returning 5 articles for category 1
[13-Dec-2025 20:55:09 Asia/Kolkata] Category Articles API - Category ID: 14, Limit: 20, Offset: 0
[13-Dec-2025 20:55:09 Asia/Kolkata] Found category IDs: 14
[13-Dec-2025 20:55:09 Asia/Kolkata] Returning 2 articles for category 14
[13-Dec-2025 20:55:10 Asia/Kolkata] Category Articles API - Category ID: 12, Limit: 20, Offset: 0
[13-Dec-2025 20:55:10 Asia/Kolkata] Found category IDs: 12
[13-Dec-2025 20:55:10 Asia/Kolkata] Returning 0 articles for category 12
[13-Dec-2025 20:55:10 Asia/Kolkata] Category Articles API - Category ID: 16, Limit: 20, Offset: 0
[13-Dec-2025 20:55:10 Asia/Kolkata] Found category IDs: 16
[13-Dec-2025 20:55:10 Asia/Kolkata] Returning 0 articles for category 16
[13-Dec-2025 20:55:51 Asia/Kolkata] Database Query Error: SQLSTATE[42S02]: Base table or view not found: 1146 Table 'news_website.cases' doesn't exist
[13-Dec-2025 20:55:51 Asia/Kolkata] Database Query Error: SQLSTATE[42S02]: Base table or view not found: 1146 Table 'news_website.cases' doesn't exist
[13-Dec-2025 20:56:30 Asia/Kolkata] Database Query Error: SQLSTATE[42S02]: Base table or view not found: 1146 Table 'news_website.cases' doesn't exist
[13-Dec-2025 20:56:36 Asia/Kolkata] Database Query Error: SQLSTATE[42S02]: Base table or view not found: 1146 Table 'news_website.cases' doesn't exist
[13-Dec-2025 20:56:51 Asia/Kolkata] Database Query Error: SQLSTATE[42S02]: Base table or view not found: 1146 Table 'news_website.cases' doesn't exist
[13-Dec-2025 20:57:07 Asia/Kolkata] Database Query Error: SQLSTATE[42S02]: Base table or view not found: 1146 Table 'news_website.cases' doesn't exist
[13-Dec-2025 20:57:37 Asia/Kolkata] Database Query Error: SQLSTATE[42S02]: Base table or view not found: 1146 Table 'news_website.cases' doesn't exist
[13-Dec-2025 20:57:51 Asia/Kolkata] Database Query Error: SQLSTATE[42S02]: Base table or view not found: 1146 Table 'news_website.cases' doesn't exist
[13-Dec-2025 20:58:06 Asia/Kolkata] Database Query Error: SQLSTATE[42S02]: Base table or view not found: 1146 Table 'news_website.cases' doesn't exist
[13-Dec-2025 20:58:09 Asia/Kolkata] PHP Fatal error:  Uncaught Error: Using $this when not in object context in C:\xampp\htdocs\api\tracking\save.php:50
Stack trace:
#0 {main}
  thrown in C:\xampp\htdocs\api\tracking\save.php on line 50
[13-Dec-2025 20:58:12 Asia/Kolkata] PHP Fatal error:  Uncaught Error: Using $this when not in object context in C:\xampp\htdocs\api\tracking\save.php:50
Stack trace:
#0 {main}
  thrown in C:\xampp\htdocs\api\tracking\save.php on line 50
[13-Dec-2025 20:58:17 Asia/Kolkata] PHP Fatal error:  Uncaught Error: Using $this when not in object context in C:\xampp\htdocs\api\tracking\save.php:50
Stack trace:
#0 {main}
  thrown in C:\xampp\htdocs\api\tracking\save.php on line 50
[13-Dec-2025 20:58:37 Asia/Kolkata] Database Query Error: SQLSTATE[42S02]: Base table or view not found: 1146 Table 'news_website.cases' doesn't exist
[13-Dec-2025 20:58:47 Asia/Kolkata] PHP Fatal error:  Uncaught Error: Using $this when not in object context in C:\xampp\htdocs\api\tracking\save.php:50
Stack trace:
#0 {main}
  thrown in C:\xampp\htdocs\api\tracking\save.php on line 50
[13-Dec-2025 20:58:51 Asia/Kolkata] Database Query Error: SQLSTATE[42S02]: Base table or view not found: 1146 Table 'news_website.cases' doesn't exist
[13-Dec-2025 20:59:07 Asia/Kolkata] Database Query Error: SQLSTATE[42S02]: Base table or view not found: 1146 Table 'news_website.cases' doesn't exist
[13-Dec-2025 20:59:37 Asia/Kolkata] Database Query Error: SQLSTATE[42S02]: Base table or view not found: 1146 Table 'news_website.cases' doesn't exist
[13-Dec-2025 20:59:51 Asia/Kolkata] Database Query Error: SQLSTATE[42S02]: Base table or view not found: 1146 Table 'news_website.cases' doesn't exist
[13-Dec-2025 21:00:33 Asia/Kolkata] PHP Fatal error:  Uncaught Error: Using $this when not in object context in C:\xampp\htdocs\api\tracking\save.php:50
Stack trace:
#0 {main}
  thrown in C:\xampp\htdocs\api\tracking\save.php on line 50
[13-Dec-2025 21:00:35 Asia/Kolkata] PHP Fatal error:  Uncaught Error: Using $this when not in object context in C:\xampp\htdocs\api\tracking\save.php:50
Stack trace:
#0 {main}
  thrown in C:\xampp\htdocs\api\tracking\save.php on line 50
[13-Dec-2025 21:00:40 Asia/Kolkata] PHP Fatal error:  Uncaught Error: Using $this when not in object context in C:\xampp\htdocs\api\tracking\save.php:50
Stack trace:
#0 {main}
  thrown in C:\xampp\htdocs\api\tracking\save.php on line 50
[13-Dec-2025 21:00:51 Asia/Kolkata] Database Query Error: SQLSTATE[42S02]: Base table or view not found: 1146 Table 'news_website.cases' doesn't exist
[13-Dec-2025 21:00:51 Asia/Kolkata] Database Query Error: SQLSTATE[42S02]: Base table or view not found: 1146 Table 'news_website.cases' doesn't exist
[13-Dec-2025 21:01:12 Asia/Kolkata] PHP Fatal error:  Uncaught Error: Using $this when not in object context in C:\xampp\htdocs\api\tracking\save.php:50
Stack trace:
#0 {main}
  thrown in C:\xampp\htdocs\api\tracking\save.php on line 50
[13-Dec-2025 21:01:51 Asia/Kolkata] Database Query Error: SQLSTATE[42S02]: Base table or view not found: 1146 Table 'news_website.cases' doesn't exist
[13-Dec-2025 21:01:51 Asia/Kolkata] Database Query Error: SQLSTATE[42S02]: Base table or view not found: 1146 Table 'news_website.cases' doesn't exist
[13-Dec-2025 21:02:51 Asia/Kolkata] Database Query Error: SQLSTATE[42S02]: Base table or view not found: 1146 Table 'news_website.cases' doesn't exist
[13-Dec-2025 21:02:51 Asia/Kolkata] Database Query Error: SQLSTATE[42S02]: Base table or view not found: 1146 Table 'news_website.cases' doesn't exist
[13-Dec-2025 21:03:44 Asia/Kolkata] PHP Fatal error:  Uncaught Error: Using $this when not in object context in C:\xampp\htdocs\api\tracking\save.php:50
Stack trace:
#0 {main}
  thrown in C:\xampp\htdocs\api\tracking\save.php on line 50
[13-Dec-2025 21:03:51 Asia/Kolkata] Database Query Error: SQLSTATE[42S02]: Base table or view not found: 1146 Table 'news_website.cases' doesn't exist
[13-Dec-2025 21:03:51 Asia/Kolkata] Database Query Error: SQLSTATE[42S02]: Base table or view not found: 1146 Table 'news_website.cases' doesn't exist
[13-Dec-2025 21:04:14 Asia/Kolkata] PHP Fatal error:  Uncaught Error: Using $this when not in object context in C:\xampp\htdocs\api\tracking\save.php:50
Stack trace:
#0 {main}
  thrown in C:\xampp\htdocs\api\tracking\save.php on line 50
[13-Dec-2025 21:04:51 Asia/Kolkata] Database Query Error: SQLSTATE[42S02]: Base table or view not found: 1146 Table 'news_website.cases' doesn't exist
[13-Dec-2025 21:04:51 Asia/Kolkata] Database Query Error: SQLSTATE[42S02]: Base table or view not found: 1146 Table 'news_website.cases' doesn't exist
[13-Dec-2025 21:05:51 Asia/Kolkata] Database Query Error: SQLSTATE[42S02]: Base table or view not found: 1146 Table 'news_website.cases' doesn't exist
[13-Dec-2025 21:05:51 Asia/Kolkata] Database Query Error: SQLSTATE[42S02]: Base table or view not found: 1146 Table 'news_website.cases' doesn't exist
[13-Dec-2025 21:06:34 Asia/Kolkata] EmailService Error: SMTP not enabled for purpose: contact
[13-Dec-2025 21:06:51 Asia/Kolkata] Database Query Error: SQLSTATE[42S02]: Base table or view not found: 1146 Table 'news_website.cases' doesn't exist
[13-Dec-2025 21:06:51 Asia/Kolkata] Database Query Error: SQLSTATE[42S02]: Base table or view not found: 1146 Table 'news_website.cases' doesn't exist
[13-Dec-2025 21:07:51 Asia/Kolkata] Database Query Error: SQLSTATE[42S02]: Base table or view not found: 1146 Table 'news_website.cases' doesn't exist
[13-Dec-2025 21:07:51 Asia/Kolkata] Database Query Error: SQLSTATE[42S02]: Base table or view not found: 1146 Table 'news_website.cases' doesn't exist
[13-Dec-2025 21:08:51 Asia/Kolkata] Database Query Error: SQLSTATE[42S02]: Base table or view not found: 1146 Table 'news_website.cases' doesn't exist
[13-Dec-2025 21:08:51 Asia/Kolkata] Database Query Error: SQLSTATE[42S02]: Base table or view not found: 1146 Table 'news_website.cases' doesn't exist
[13-Dec-2025 21:09:51 Asia/Kolkata] Database Query Error: SQLSTATE[42S02]: Base table or view not found: 1146 Table 'news_website.cases' doesn't exist
[13-Dec-2025 21:09:51 Asia/Kolkata] Database Query Error: SQLSTATE[42S02]: Base table or view not found: 1146 Table 'news_website.cases' doesn't exist
[13-Dec-2025 21:10:51 Asia/Kolkata] Database Query Error: SQLSTATE[42S02]: Base table or view not found: 1146 Table 'news_website.cases' doesn't exist
[13-Dec-2025 21:10:51 Asia/Kolkata] Database Query Error: SQLSTATE[42S02]: Base table or view not found: 1146 Table 'news_website.cases' doesn't exist
[13-Dec-2025 21:11:51 Asia/Kolkata] Database Query Error: SQLSTATE[42S02]: Base table or view not found: 1146 Table 'news_website.cases' doesn't exist
[13-Dec-2025 21:11:51 Asia/Kolkata] Database Query Error: SQLSTATE[42S02]: Base table or view not found: 1146 Table 'news_website.cases' doesn't exist
[13-Dec-2025 21:12:51 Asia/Kolkata] Database Query Error: SQLSTATE[42S02]: Base table or view not found: 1146 Table 'news_website.cases' doesn't exist
[13-Dec-2025 21:12:51 Asia/Kolkata] Database Query Error: SQLSTATE[42S02]: Base table or view not found: 1146 Table 'news_website.cases' doesn't exist
[13-Dec-2025 21:13:31 Asia/Kolkata] PHP Fatal error:  Uncaught Error: Using $this when not in object context in C:\xampp\htdocs\api\tracking\save.php:50
Stack trace:
#0 {main}
  thrown in C:\xampp\htdocs\api\tracking\save.php on line 50
[13-Dec-2025 21:13:32 Asia/Kolkata] PHP Fatal error:  Uncaught Error: Using $this when not in object context in C:\xampp\htdocs\api\tracking\save.php:50
Stack trace:
#0 {main}
  thrown in C:\xampp\htdocs\api\tracking\save.php on line 50
[13-Dec-2025 21:13:32 Asia/Kolkata] PHP Fatal error:  Uncaught Error: Using $this when not in object context in C:\xampp\htdocs\api\tracking\save.php:50
Stack trace:
#0 {main}
  thrown in C:\xampp\htdocs\api\tracking\save.php on line 50
[13-Dec-2025 21:13:38 Asia/Kolkata] PHP Fatal error:  Uncaught Error: Using $this when not in object context in C:\xampp\htdocs\api\tracking\save.php:50
Stack trace:
#0 {main}
  thrown in C:\xampp\htdocs\api\tracking\save.php on line 50
[13-Dec-2025 21:13:51 Asia/Kolkata] Database Query Error: SQLSTATE[42S02]: Base table or view not found: 1146 Table 'news_website.cases' doesn't exist
[13-Dec-2025 21:13:51 Asia/Kolkata] Database Query Error: SQLSTATE[42S02]: Base table or view not found: 1146 Table 'news_website.cases' doesn't exist
[13-Dec-2025 21:14:04 Asia/Kolkata] PHP Fatal error:  Uncaught Error: Using $this when not in object context in C:\xampp\htdocs\api\tracking\save.php:50
Stack trace:
#0 {main}
  thrown in C:\xampp\htdocs\api\tracking\save.php on line 50
[13-Dec-2025 21:14:07 Asia/Kolkata] PHP Fatal error:  Uncaught Error: Using $this when not in object context in C:\xampp\htdocs\api\tracking\save.php:50
Stack trace:
#0 {main}
  thrown in C:\xampp\htdocs\api\tracking\save.php on line 50
[13-Dec-2025 21:14:38 Asia/Kolkata] PHP Fatal error:  Uncaught Error: Using $this when not in object context in C:\xampp\htdocs\api\tracking\save.php:50
Stack trace:
#0 {main}
  thrown in C:\xampp\htdocs\api\tracking\save.php on line 50
[13-Dec-2025 21:14:51 Asia/Kolkata] Database Query Error: SQLSTATE[42S02]: Base table or view not found: 1146 Table 'news_website.cases' doesn't exist
[13-Dec-2025 21:14:51 Asia/Kolkata] Database Query Error: SQLSTATE[42S02]: Base table or view not found: 1146 Table 'news_website.cases' doesn't exist
[13-Dec-2025 21:15:51 Asia/Kolkata] Database Query Error: SQLSTATE[42S02]: Base table or view not found: 1146 Table 'news_website.cases' doesn't exist
[13-Dec-2025 21:15:51 Asia/Kolkata] Database Query Error: SQLSTATE[42S02]: Base table or view not found: 1146 Table 'news_website.cases' doesn't exist
[13-Dec-2025 21:16:51 Asia/Kolkata] Database Query Error: SQLSTATE[42S02]: Base table or view not found: 1146 Table 'news_website.cases' doesn't exist
[13-Dec-2025 21:16:51 Asia/Kolkata] Database Query Error: SQLSTATE[42S02]: Base table or view not found: 1146 Table 'news_website.cases' doesn't exist
[13-Dec-2025 21:17:31 Asia/Kolkata] PHP Fatal error:  Uncaught Error: Using $this when not in object context in C:\xampp\htdocs\api\tracking\save.php:50
Stack trace:
#0 {main}
  thrown in C:\xampp\htdocs\api\tracking\save.php on line 50
[13-Dec-2025 21:17:51 Asia/Kolkata] PHP Fatal error:  Uncaught Error: Using $this when not in object context in C:\xampp\htdocs\api\tracking\save.php:50
Stack trace:
#0 {main}
  thrown in C:\xampp\htdocs\api\tracking\save.php on line 50
[13-Dec-2025 21:17:51 Asia/Kolkata] Database Query Error: SQLSTATE[42S02]: Base table or view not found: 1146 Table 'news_website.cases' doesn't exist
[13-Dec-2025 21:17:51 Asia/Kolkata] Database Query Error: SQLSTATE[42S02]: Base table or view not found: 1146 Table 'news_website.cases' doesn't exist
[13-Dec-2025 21:17:52 Asia/Kolkata] PHP Fatal error:  Uncaught Error: Using $this when not in object context in C:\xampp\htdocs\api\tracking\save.php:50
Stack trace:
#0 {main}
  thrown in C:\xampp\htdocs\api\tracking\save.php on line 50
[13-Dec-2025 21:17:52 Asia/Kolkata] PHP Fatal error:  Uncaught Error: Using $this when not in object context in C:\xampp\htdocs\api\tracking\save.php:50
Stack trace:
#0 {main}
  thrown in C:\xampp\htdocs\api\tracking\save.php on line 50
[13-Dec-2025 21:17:52 Asia/Kolkata] PHP Fatal error:  Uncaught Error: Using $this when not in object context in C:\xampp\htdocs\api\tracking\save.php:50
Stack trace:
#0 {main}
  thrown in C:\xampp\htdocs\api\tracking\save.php on line 50
[13-Dec-2025 21:17:52 Asia/Kolkata] PHP Fatal error:  Uncaught Error: Using $this when not in object context in C:\xampp\htdocs\api\tracking\save.php:50
Stack trace:
#0 {main}
  thrown in C:\xampp\htdocs\api\tracking\save.php on line 50
[13-Dec-2025 21:17:52 Asia/Kolkata] PHP Fatal error:  Uncaught Error: Using $this when not in object context in C:\xampp\htdocs\api\tracking\save.php:50
Stack trace:
#0 {main}
  thrown in C:\xampp\htdocs\api\tracking\save.php on line 50
[13-Dec-2025 21:18:04 Asia/Kolkata] PHP Fatal error:  Uncaught Error: Using $this when not in object context in C:\xampp\htdocs\api\tracking\save.php:50
Stack trace:
#0 {main}
  thrown in C:\xampp\htdocs\api\tracking\save.php on line 50
[13-Dec-2025 21:18:06 Asia/Kolkata] Database Query Error: SQLSTATE[42S02]: Base table or view not found: 1146 Table 'news_website.cases' doesn't exist
[13-Dec-2025 21:18:29 Asia/Kolkata] PHP Fatal error:  Uncaught Error: Using $this when not in object context in C:\xampp\htdocs\api\tracking\save.php:50
Stack trace:
#0 {main}
  thrown in C:\xampp\htdocs\api\tracking\save.php on line 50
[13-Dec-2025 21:18:36 Asia/Kolkata] Database Query Error: SQLSTATE[42S02]: Base table or view not found: 1146 Table 'news_website.cases' doesn't exist
[13-Dec-2025 21:18:51 Asia/Kolkata] Database Query Error: SQLSTATE[42S02]: Base table or view not found: 1146 Table 'news_website.cases' doesn't exist
[13-Dec-2025 21:18:59 Asia/Kolkata] PHP Fatal error:  Uncaught Error: Using $this when not in object context in C:\xampp\htdocs\api\tracking\save.php:50
Stack trace:
#0 {main}
  thrown in C:\xampp\htdocs\api\tracking\save.php on line 50
[13-Dec-2025 21:19:06 Asia/Kolkata] Database Query Error: SQLSTATE[42S02]: Base table or view not found: 1146 Table 'news_website.cases' doesn't exist
[13-Dec-2025 21:19:51 Asia/Kolkata] Database Query Error: SQLSTATE[42S02]: Base table or view not found: 1146 Table 'news_website.cases' doesn't exist
[13-Dec-2025 21:19:51 Asia/Kolkata] Database Query Error: SQLSTATE[42S02]: Base table or view not found: 1146 Table 'news_website.cases' doesn't exist
[13-Dec-2025 21:20:51 Asia/Kolkata] Database Query Error: SQLSTATE[42S02]: Base table or view not found: 1146 Table 'news_website.cases' doesn't exist
[13-Dec-2025 21:20:51 Asia/Kolkata] Database Query Error: SQLSTATE[42S02]: Base table or view not found: 1146 Table 'news_website.cases' doesn't exist
[13-Dec-2025 21:21:51 Asia/Kolkata] Database Query Error: SQLSTATE[42S02]: Base table or view not found: 1146 Table 'news_website.cases' doesn't exist
[13-Dec-2025 21:21:52 Asia/Kolkata] Database Query Error: SQLSTATE[42S02]: Base table or view not found: 1146 Table 'news_website.cases' doesn't exist
[13-Dec-2025 21:22:51 Asia/Kolkata] Database Query Error: SQLSTATE[42S02]: Base table or view not found: 1146 Table 'news_website.cases' doesn't exist
[13-Dec-2025 21:22:51 Asia/Kolkata] Database Query Error: SQLSTATE[42S02]: Base table or view not found: 1146 Table 'news_website.cases' doesn't exist
[13-Dec-2025 21:23:51 Asia/Kolkata] Database Query Error: SQLSTATE[42S02]: Base table or view not found: 1146 Table 'news_website.cases' doesn't exist
[13-Dec-2025 21:23:51 Asia/Kolkata] Database Query Error: SQLSTATE[42S02]: Base table or view not found: 1146 Table 'news_website.cases' doesn't exist
[13-Dec-2025 21:24:51 Asia/Kolkata] Database Query Error: SQLSTATE[42S02]: Base table or view not found: 1146 Table 'news_website.cases' doesn't exist
[13-Dec-2025 21:24:51 Asia/Kolkata] Database Query Error: SQLSTATE[42S02]: Base table or view not found: 1146 Table 'news_website.cases' doesn't exist
[13-Dec-2025 21:25:51 Asia/Kolkata] Database Query Error: SQLSTATE[42S02]: Base table or view not found: 1146 Table 'news_website.cases' doesn't exist
[13-Dec-2025 21:25:51 Asia/Kolkata] Database Query Error: SQLSTATE[42S02]: Base table or view not found: 1146 Table 'news_website.cases' doesn't exist
[13-Dec-2025 21:26:51 Asia/Kolkata] Database Query Error: SQLSTATE[42S02]: Base table or view not found: 1146 Table 'news_website.cases' doesn't exist
[13-Dec-2025 21:26:51 Asia/Kolkata] Database Query Error: SQLSTATE[42S02]: Base table or view not found: 1146 Table 'news_website.cases' doesn't exist
[13-Dec-2025 21:27:20 Asia/Kolkata] Category Articles API - Category ID: 16, Limit: 20, Offset: 0
[13-Dec-2025 21:27:20 Asia/Kolkata] Found category IDs: 16
[13-Dec-2025 21:27:20 Asia/Kolkata] Returning 0 articles for category 16
[13-Dec-2025 21:27:32 Asia/Kolkata] Database Query Error: SQLSTATE[42S02]: Base table or view not found: 1146 Table 'news_website.cases' doesn't exist
[13-Dec-2025 21:27:33 Asia/Kolkata] Database Query Error: SQLSTATE[42S02]: Base table or view not found: 1146 Table 'news_website.cases' doesn't exist
[13-Dec-2025 21:27:36 Asia/Kolkata] Database Query Error: SQLSTATE[42S02]: Base table or view not found: 1146 Table 'news_website.cases' doesn't exist
[13-Dec-2025 21:28:00 Asia/Kolkata] Database Query Error: SQLSTATE[42S02]: Base table or view not found: 1146 Table 'news_website.cases' doesn't exist
[13-Dec-2025 21:28:07 Asia/Kolkata] Database Query Error: SQLSTATE[42S02]: Base table or view not found: 1146 Table 'news_website.cases' doesn't exist
[13-Dec-2025 16:58:27 Europe/Berlin] PHP Warning:  require_once(../../config/database.php): Failed to open stream: No such file or directory in C:\xampp\htdocs\api\mobile-stories\increment-view.php on line 6
[13-Dec-2025 16:58:27 Europe/Berlin] PHP Fatal error:  Uncaught Error: Failed opening required '../../config/database.php' (include_path='C:\xampp\php\PEAR') in C:\xampp\htdocs\api\mobile-stories\increment-view.php:6
Stack trace:
#0 {main}
  thrown in C:\xampp\htdocs\api\mobile-stories\increment-view.php on line 6
[13-Dec-2025 21:28:30 Asia/Kolkata] Database Query Error: SQLSTATE[42S02]: Base table or view not found: 1146 Table 'news_website.cases' doesn't exist
[13-Dec-2025 21:28:51 Asia/Kolkata] Database Query Error: SQLSTATE[42S02]: Base table or view not found: 1146 Table 'news_website.cases' doesn't exist
[13-Dec-2025 21:29:51 Asia/Kolkata] Database Query Error: SQLSTATE[42S02]: Base table or view not found: 1146 Table 'news_website.cases' doesn't exist
[13-Dec-2025 21:29:51 Asia/Kolkata] Database Query Error: SQLSTATE[42S02]: Base table or view not found: 1146 Table 'news_website.cases' doesn't exist
[13-Dec-2025 21:30:03 Asia/Kolkata] PHP Fatal error:  Uncaught Error: Using $this when not in object context in C:\xampp\htdocs\api\tracking\save.php:50
Stack trace:
#0 {main}
  thrown in C:\xampp\htdocs\api\tracking\save.php on line 50
[13-Dec-2025 21:30:12 Asia/Kolkata] Database Query Error: SQLSTATE[42S02]: Base table or view not found: 1146 Table 'news_website.cases' doesn't exist
[13-Dec-2025 21:30:14 Asia/Kolkata] Database Query Error: SQLSTATE[42S02]: Base table or view not found: 1146 Table 'news_website.cases' doesn't exist
[13-Dec-2025 21:30:16 Asia/Kolkata] Database Query Error: SQLSTATE[42S02]: Base table or view not found: 1146 Table 'news_website.cases' doesn't exist
[13-Dec-2025 21:30:20 Asia/Kolkata] Database Query Error: SQLSTATE[42S02]: Base table or view not found: 1146 Table 'news_website.cases' doesn't exist
[13-Dec-2025 21:30:24 Asia/Kolkata] Database Query Error: SQLSTATE[42S02]: Base table or view not found: 1146 Table 'news_website.cases' doesn't exist
[13-Dec-2025 21:30:27 Asia/Kolkata] Database Query Error: SQLSTATE[42S02]: Base table or view not found: 1146 Table 'news_website.cases' doesn't exist
[13-Dec-2025 21:30:34 Asia/Kolkata] PHP Fatal error:  Uncaught Error: Using $this when not in object context in C:\xampp\htdocs\api\tracking\save.php:50
Stack trace:
#0 {main}
  thrown in C:\xampp\htdocs\api\tracking\save.php on line 50
[13-Dec-2025 21:30:39 Asia/Kolkata] Database Query Error: SQLSTATE[42S02]: Base table or view not found: 1146 Table 'news_website.cases' doesn't exist
[13-Dec-2025 21:30:43 Asia/Kolkata] Database Query Error: SQLSTATE[42S02]: Base table or view not found: 1146 Table 'news_website.cases' doesn't exist
[13-Dec-2025 21:30:46 Asia/Kolkata] Database Query Error: SQLSTATE[42S02]: Base table or view not found: 1146 Table 'news_website.cases' doesn't exist
[13-Dec-2025 21:30:49 Asia/Kolkata] Database Query Error: SQLSTATE[42S02]: Base table or view not found: 1146 Table 'news_website.cases' doesn't exist
[13-Dec-2025 21:30:51 Asia/Kolkata] Database Query Error: SQLSTATE[42S02]: Base table or view not found: 1146 Table 'news_website.cases' doesn't exist
[13-Dec-2025 21:30:54 Asia/Kolkata] Database Query Error: SQLSTATE[42S02]: Base table or view not found: 1146 Table 'news_website.cases' doesn't exist
[13-Dec-2025 21:31:01 Asia/Kolkata] PHP Fatal error:  Uncaught Error: Using $this when not in object context in C:\xampp\htdocs\api\tracking\save.php:50
Stack trace:
#0 {main}
  thrown in C:\xampp\htdocs\api\tracking\save.php on line 50
[13-Dec-2025 21:31:02 Asia/Kolkata] PHP Fatal error:  Uncaught Error: Using $this when not in object context in C:\xampp\htdocs\api\tracking\save.php:50
Stack trace:
#0 {main}
  thrown in C:\xampp\htdocs\api\tracking\save.php on line 50
[13-Dec-2025 21:31:03 Asia/Kolkata] PHP Fatal error:  Uncaught Error: Using $this when not in object context in C:\xampp\htdocs\api\tracking\save.php:50
Stack trace:
#0 {main}
  thrown in C:\xampp\htdocs\api\tracking\save.php on line 50
[13-Dec-2025 21:31:04 Asia/Kolkata] PHP Fatal error:  Uncaught Error: Using $this when not in object context in C:\xampp\htdocs\api\tracking\save.php:50
Stack trace:
#0 {main}
  thrown in C:\xampp\htdocs\api\tracking\save.php on line 50
[13-Dec-2025 21:31:05 Asia/Kolkata] PHP Fatal error:  Uncaught Error: Using $this when not in object context in C:\xampp\htdocs\api\tracking\save.php:50
Stack trace:
#0 {main}
  thrown in C:\xampp\htdocs\api\tracking\save.php on line 50
[13-Dec-2025 21:31:07 Asia/Kolkata] PHP Fatal error:  Uncaught Error: Using $this when not in object context in C:\xampp\htdocs\api\tracking\save.php:50
Stack trace:
#0 {main}
  thrown in C:\xampp\htdocs\api\tracking\save.php on line 50
[13-Dec-2025 21:31:10 Asia/Kolkata] PHP Fatal error:  Uncaught Error: Using $this when not in object context in C:\xampp\htdocs\api\tracking\save.php:50
Stack trace:
#0 {main}
  thrown in C:\xampp\htdocs\api\tracking\save.php on line 50
[13-Dec-2025 21:31:25 Asia/Kolkata] Database Query Error: SQLSTATE[42S02]: Base table or view not found: 1146 Table 'news_website.cases' doesn't exist
[13-Dec-2025 21:31:40 Asia/Kolkata] PHP Fatal error:  Uncaught Error: Using $this when not in object context in C:\xampp\htdocs\api\tracking\save.php:50
Stack trace:
#0 {main}
  thrown in C:\xampp\htdocs\api\tracking\save.php on line 50
[13-Dec-2025 21:31:42 Asia/Kolkata] Database Query Error: SQLSTATE[42S02]: Base table or view not found: 1146 Table 'news_website.cases' doesn't exist
[13-Dec-2025 21:31:55 Asia/Kolkata] Database Query Error: SQLSTATE[42S02]: Base table or view not found: 1146 Table 'news_website.cases' doesn't exist
[13-Dec-2025 21:32:06 Asia/Kolkata] Database Query Error: SQLSTATE[42S02]: Base table or view not found: 1146 Table 'news_website.cases' doesn't exist
[13-Dec-2025 21:32:08 Asia/Kolkata] Category Articles API - Category ID: 16, Limit: 20, Offset: 0
[13-Dec-2025 21:32:08 Asia/Kolkata] Found category IDs: 16
[13-Dec-2025 21:32:08 Asia/Kolkata] Returning 0 articles for category 16
[13-Dec-2025 21:32:11 Asia/Kolkata] Category Articles API - Category ID: 1, Limit: 20, Offset: 0
[13-Dec-2025 21:32:11 Asia/Kolkata] Found category IDs: 1
[13-Dec-2025 21:32:11 Asia/Kolkata] Returning 5 articles for category 1
[13-Dec-2025 21:32:13 Asia/Kolkata] Category Articles API - Category ID: 1, Limit: 20, Offset: 5
[13-Dec-2025 21:32:13 Asia/Kolkata] Found category IDs: 1
[13-Dec-2025 21:32:13 Asia/Kolkata] Returning 0 articles for category 1
[13-Dec-2025 21:32:15 Asia/Kolkata] PHP Fatal error:  Uncaught Error: Using $this when not in object context in C:\xampp\htdocs\api\tracking\save.php:50
Stack trace:
#0 {main}
  thrown in C:\xampp\htdocs\api\tracking\save.php on line 50
[13-Dec-2025 21:32:25 Asia/Kolkata] Database Query Error: SQLSTATE[42S02]: Base table or view not found: 1146 Table 'news_website.cases' doesn't exist
[13-Dec-2025 21:32:37 Asia/Kolkata] Database Query Error: SQLSTATE[42S02]: Base table or view not found: 1146 Table 'news_website.cases' doesn't exist
[13-Dec-2025 21:32:55 Asia/Kolkata] Database Query Error: SQLSTATE[42S02]: Base table or view not found: 1146 Table 'news_website.cases' doesn't exist
[13-Dec-2025 21:33:25 Asia/Kolkata] Database Query Error: SQLSTATE[42S02]: Base table or view not found: 1146 Table 'news_website.cases' doesn't exist
[13-Dec-2025 21:33:51 Asia/Kolkata] Database Query Error: SQLSTATE[42S02]: Base table or view not found: 1146 Table 'news_website.cases' doesn't exist
[13-Dec-2025 21:33:55 Asia/Kolkata] Database Query Error: SQLSTATE[42S02]: Base table or view not found: 1146 Table 'news_website.cases' doesn't exist
[13-Dec-2025 21:34:30 Asia/Kolkata] Category Articles API - Category ID: 1, Limit: 20, Offset: 5
[13-Dec-2025 21:34:30 Asia/Kolkata] Found category IDs: 1
[13-Dec-2025 21:34:30 Asia/Kolkata] Returning 0 articles for category 1
[13-Dec-2025 21:34:51 Asia/Kolkata] Database Query Error: SQLSTATE[42S02]: Base table or view not found: 1146 Table 'news_website.cases' doesn't exist
[13-Dec-2025 21:34:51 Asia/Kolkata] Database Query Error: SQLSTATE[42S02]: Base table or view not found: 1146 Table 'news_website.cases' doesn't exist
[13-Dec-2025 21:35:13 Asia/Kolkata] EmailService Error: SMTP not enabled for purpose: contact
[13-Dec-2025 21:35:18 Asia/Kolkata] Database Query Error: SQLSTATE[42S02]: Base table or view not found: 1146 Table 'news_website.cases' doesn't exist
[13-Dec-2025 21:35:20 Asia/Kolkata] Database Query Error: SQLSTATE[42S02]: Base table or view not found: 1146 Table 'news_website.cases' doesn't exist
[13-Dec-2025 21:35:21 Asia/Kolkata] Database Query Error: SQLSTATE[42S02]: Base table or view not found: 1146 Table 'news_website.cases' doesn't exist
[13-Dec-2025 21:35:22 Asia/Kolkata] Database Query Error: SQLSTATE[42S02]: Base table or view not found: 1146 Table 'news_website.cases' doesn't exist
[13-Dec-2025 21:35:27 Asia/Kolkata] Database Query Error: SQLSTATE[42S02]: Base table or view not found: 1146 Table 'news_website.cases' doesn't exist
[13-Dec-2025 21:35:28 Asia/Kolkata] Database Query Error: SQLSTATE[42S02]: Base table or view not found: 1146 Table 'news_website.cases' doesn't exist
[13-Dec-2025 21:35:51 Asia/Kolkata] Database Query Error: SQLSTATE[42S02]: Base table or view not found: 1146 Table 'news_website.cases' doesn't exist
[13-Dec-2025 21:35:58 Asia/Kolkata] Database Query Error: SQLSTATE[42S02]: Base table or view not found: 1146 Table 'news_website.cases' doesn't exist
[13-Dec-2025 21:36:10 Asia/Kolkata] PHP Fatal error:  Uncaught Error: Using $this when not in object context in C:\xampp\htdocs\api\tracking\save.php:50
Stack trace:
#0 {main}
  thrown in C:\xampp\htdocs\api\tracking\save.php on line 50
[13-Dec-2025 21:36:11 Asia/Kolkata] PHP Fatal error:  Uncaught Error: Using $this when not in object context in C:\xampp\htdocs\api\tracking\save.php:50
Stack trace:
#0 {main}
  thrown in C:\xampp\htdocs\api\tracking\save.php on line 50
[13-Dec-2025 21:36:28 Asia/Kolkata] Database Query Error: SQLSTATE[42S02]: Base table or view not found: 1146 Table 'news_website.cases' doesn't exist
[13-Dec-2025 21:36:41 Asia/Kolkata] PHP Fatal error:  Uncaught Error: Using $this when not in object context in C:\xampp\htdocs\api\tracking\save.php:50
Stack trace:
#0 {main}
  thrown in C:\xampp\htdocs\api\tracking\save.php on line 50
[13-Dec-2025 21:36:51 Asia/Kolkata] Database Query Error: SQLSTATE[42S02]: Base table or view not found: 1146 Table 'news_website.cases' doesn't exist
[13-Dec-2025 21:36:58 Asia/Kolkata] Database Query Error: SQLSTATE[42S02]: Base table or view not found: 1146 Table 'news_website.cases' doesn't exist
[13-Dec-2025 21:37:28 Asia/Kolkata] Database Query Error: SQLSTATE[42S02]: Base table or view not found: 1146 Table 'news_website.cases' doesn't exist
[13-Dec-2025 21:37:51 Asia/Kolkata] Database Query Error: SQLSTATE[42S02]: Base table or view not found: 1146 Table 'news_website.cases' doesn't exist
[13-Dec-2025 21:37:58 Asia/Kolkata] Database Query Error: SQLSTATE[42S02]: Base table or view not found: 1146 Table 'news_website.cases' doesn't exist
[13-Dec-2025 21:38:28 Asia/Kolkata] Database Query Error: SQLSTATE[42S02]: Base table or view not found: 1146 Table 'news_website.cases' doesn't exist
[13-Dec-2025 21:38:47 Asia/Kolkata] PHP Fatal error:  Uncaught Error: Using $this when not in object context in C:\xampp\htdocs\api\tracking\save.php:50
Stack trace:
#0 {main}
  thrown in C:\xampp\htdocs\api\tracking\save.php on line 50
[13-Dec-2025 21:38:48 Asia/Kolkata] PHP Fatal error:  Uncaught Error: Using $this when not in object context in C:\xampp\htdocs\api\tracking\save.php:50
Stack trace:
#0 {main}
  thrown in C:\xampp\htdocs\api\tracking\save.php on line 50
[13-Dec-2025 21:38:49 Asia/Kolkata] PHP Fatal error:  Uncaught Error: Using $this when not in object context in C:\xampp\htdocs\api\tracking\save.php:50
Stack trace:
#0 {main}
  thrown in C:\xampp\htdocs\api\tracking\save.php on line 50
[13-Dec-2025 21:38:50 Asia/Kolkata] PHP Fatal error:  Uncaught Error: Using $this when not in object context in C:\xampp\htdocs\api\tracking\save.php:50
Stack trace:
#0 {main}
  thrown in C:\xampp\htdocs\api\tracking\save.php on line 50
[13-Dec-2025 21:38:51 Asia/Kolkata] Database Query Error: SQLSTATE[42S02]: Base table or view not found: 1146 Table 'news_website.cases' doesn't exist
[13-Dec-2025 21:38:56 Asia/Kolkata] PHP Fatal error:  Uncaught Error: Using $this when not in object context in C:\xampp\htdocs\api\tracking\save.php:50
Stack trace:
#0 {main}
  thrown in C:\xampp\htdocs\api\tracking\save.php on line 50
[13-Dec-2025 21:39:02 Asia/Kolkata] PHP Fatal error:  Uncaught Error: Using $this when not in object context in C:\xampp\htdocs\api\tracking\save.php:50
Stack trace:
#0 {main}
  thrown in C:\xampp\htdocs\api\tracking\save.php on line 50
[13-Dec-2025 21:39:31 Asia/Kolkata] PHP Fatal error:  Uncaught Error: Using $this when not in object context in C:\xampp\htdocs\api\tracking\save.php:50
Stack trace:
#0 {main}
  thrown in C:\xampp\htdocs\api\tracking\save.php on line 50
[13-Dec-2025 21:39:32 Asia/Kolkata] PHP Fatal error:  Uncaught Error: Using $this when not in object context in C:\xampp\htdocs\api\tracking\save.php:50
Stack trace:
#0 {main}
  thrown in C:\xampp\htdocs\api\tracking\save.php on line 50
[13-Dec-2025 21:39:51 Asia/Kolkata] Database Query Error: SQLSTATE[42S02]: Base table or view not found: 1146 Table 'news_website.cases' doesn't exist
[13-Dec-2025 21:39:51 Asia/Kolkata] Database Query Error: SQLSTATE[42S02]: Base table or view not found: 1146 Table 'news_website.cases' doesn't exist
[13-Dec-2025 21:39:58 Asia/Kolkata] PHP Fatal error:  Uncaught Error: Using $this when not in object context in C:\xampp\htdocs\api\tracking\save.php:50
Stack trace:
#0 {main}
  thrown in C:\xampp\htdocs\api\tracking\save.php on line 50
[13-Dec-2025 21:40:05 Asia/Kolkata] PHP Fatal error:  Uncaught Error: Using $this when not in object context in C:\xampp\htdocs\api\tracking\save.php:50
Stack trace:
#0 {main}
  thrown in C:\xampp\htdocs\api\tracking\save.php on line 50
[13-Dec-2025 21:40:32 Asia/Kolkata] PHP Fatal error:  Uncaught Error: Using $this when not in object context in C:\xampp\htdocs\api\tracking\save.php:50
Stack trace:
#0 {main}
  thrown in C:\xampp\htdocs\api\tracking\save.php on line 50
[13-Dec-2025 21:40:33 Asia/Kolkata] PHP Fatal error:  Uncaught Error: Using $this when not in object context in C:\xampp\htdocs\api\tracking\save.php:50
Stack trace:
#0 {main}
  thrown in C:\xampp\htdocs\api\tracking\save.php on line 50
[13-Dec-2025 21:40:35 Asia/Kolkata] PHP Fatal error:  Uncaught Error: Using $this when not in object context in C:\xampp\htdocs\api\tracking\save.php:50
Stack trace:
#0 {main}
  thrown in C:\xampp\htdocs\api\tracking\save.php on line 50
[13-Dec-2025 21:40:36 Asia/Kolkata] PHP Fatal error:  Uncaught Error: Using $this when not in object context in C:\xampp\htdocs\api\tracking\save.php:50
Stack trace:
#0 {main}
  thrown in C:\xampp\htdocs\api\tracking\save.php on line 50
[13-Dec-2025 21:40:37 Asia/Kolkata] PHP Fatal error:  Uncaught Error: Using $this when not in object context in C:\xampp\htdocs\api\tracking\save.php:50
Stack trace:
#0 {main}
  thrown in C:\xampp\htdocs\api\tracking\save.php on line 50
[13-Dec-2025 21:40:37 Asia/Kolkata] PHP Fatal error:  Uncaught Error: Using $this when not in object context in C:\xampp\htdocs\api\tracking\save.php:50
Stack trace:
#0 {main}
  thrown in C:\xampp\htdocs\api\tracking\save.php on line 50
[13-Dec-2025 21:40:38 Asia/Kolkata] PHP Fatal error:  Uncaught Error: Using $this when not in object context in C:\xampp\htdocs\api\tracking\save.php:50
Stack trace:
#0 {main}
  thrown in C:\xampp\htdocs\api\tracking\save.php on line 50
[13-Dec-2025 21:40:39 Asia/Kolkata] PHP Fatal error:  Uncaught Error: Using $this when not in object context in C:\xampp\htdocs\api\tracking\save.php:50
Stack trace:
#0 {main}
  thrown in C:\xampp\htdocs\api\tracking\save.php on line 50
[13-Dec-2025 21:40:47 Asia/Kolkata] PHP Fatal error:  Uncaught Error: Using $this when not in object context in C:\xampp\htdocs\api\tracking\save.php:50
Stack trace:
#0 {main}
  thrown in C:\xampp\htdocs\api\tracking\save.php on line 50
[13-Dec-2025 21:40:51 Asia/Kolkata] Database Query Error: SQLSTATE[42S02]: Base table or view not found: 1146 Table 'news_website.cases' doesn't exist
[13-Dec-2025 21:40:51 Asia/Kolkata] Database Query Error: SQLSTATE[42S02]: Base table or view not found: 1146 Table 'news_website.cases' doesn't exist
[13-Dec-2025 21:41:10 Asia/Kolkata] PHP Fatal error:  Uncaught Error: Using $this when not in object context in C:\xampp\htdocs\api\tracking\save.php:50
Stack trace:
#0 {main}
  thrown in C:\xampp\htdocs\api\tracking\save.php on line 50
[13-Dec-2025 21:41:18 Asia/Kolkata] PHP Fatal error:  Uncaught Error: Using $this when not in object context in C:\xampp\htdocs\api\tracking\save.php:50
Stack trace:
#0 {main}
  thrown in C:\xampp\htdocs\api\tracking\save.php on line 50
[13-Dec-2025 21:41:51 Asia/Kolkata] Database Query Error: SQLSTATE[42S02]: Base table or view not found: 1146 Table 'news_website.cases' doesn't exist
[13-Dec-2025 21:41:51 Asia/Kolkata] Database Query Error: SQLSTATE[42S02]: Base table or view not found: 1146 Table 'news_website.cases' doesn't exist
[13-Dec-2025 21:42:03 Asia/Kolkata] PHP Fatal error:  Uncaught Error: Using $this when not in object context in C:\xampp\htdocs\api\tracking\save.php:50
Stack trace:
#0 {main}
  thrown in C:\xampp\htdocs\api\tracking\save.php on line 50
[13-Dec-2025 21:42:04 Asia/Kolkata] PHP Fatal error:  Uncaught Error: Using $this when not in object context in C:\xampp\htdocs\api\tracking\save.php:50
Stack trace:
#0 {main}
  thrown in C:\xampp\htdocs\api\tracking\save.php on line 50
[13-Dec-2025 21:42:34 Asia/Kolkata] PHP Fatal error:  Uncaught Error: Using $this when not in object context in C:\xampp\htdocs\api\tracking\save.php:50
Stack trace:
#0 {main}
  thrown in C:\xampp\htdocs\api\tracking\save.php on line 50
[13-Dec-2025 21:42:51 Asia/Kolkata] Database Query Error: SQLSTATE[42S02]: Base table or view not found: 1146 Table 'news_website.cases' doesn't exist
[13-Dec-2025 21:42:51 Asia/Kolkata] Database Query Error: SQLSTATE[42S02]: Base table or view not found: 1146 Table 'news_website.cases' doesn't exist
[13-Dec-2025 21:43:51 Asia/Kolkata] Database Query Error: SQLSTATE[42S02]: Base table or view not found: 1146 Table 'news_website.cases' doesn't exist
[13-Dec-2025 21:43:51 Asia/Kolkata] Database Query Error: SQLSTATE[42S02]: Base table or view not found: 1146 Table 'news_website.cases' doesn't exist
[13-Dec-2025 21:44:27 Asia/Kolkata] PHP Fatal error:  Uncaught Error: Using $this when not in object context in C:\xampp\htdocs\api\tracking\save.php:50
Stack trace:
#0 {main}
  thrown in C:\xampp\htdocs\api\tracking\save.php on line 50
[13-Dec-2025 21:44:28 Asia/Kolkata] PHP Fatal error:  Uncaught Error: Using $this when not in object context in C:\xampp\htdocs\api\tracking\save.php:50
Stack trace:
#0 {main}
  thrown in C:\xampp\htdocs\api\tracking\save.php on line 50
[13-Dec-2025 21:44:47 Asia/Kolkata] PHP Fatal error:  Uncaught Error: Using $this when not in object context in C:\xampp\htdocs\api\tracking\save.php:50
Stack trace:
#0 {main}
  thrown in C:\xampp\htdocs\api\tracking\save.php on line 50
[13-Dec-2025 21:44:50 Asia/Kolkata] PHP Fatal error:  Uncaught Error: Using $this when not in object context in C:\xampp\htdocs\api\tracking\save.php:50
Stack trace:
#0 {main}
  thrown in C:\xampp\htdocs\api\tracking\save.php on line 50
[13-Dec-2025 21:44:51 Asia/Kolkata] Database Query Error: SQLSTATE[42S02]: Base table or view not found: 1146 Table 'news_website.cases' doesn't exist
[13-Dec-2025 21:44:51 Asia/Kolkata] Database Query Error: SQLSTATE[42S02]: Base table or view not found: 1146 Table 'news_website.cases' doesn't exist
[13-Dec-2025 21:44:53 Asia/Kolkata] PHP Fatal error:  Uncaught Error: Using $this when not in object context in C:\xampp\htdocs\api\tracking\save.php:50
Stack trace:
#0 {main}
  thrown in C:\xampp\htdocs\api\tracking\save.php on line 50
[13-Dec-2025 21:44:57 Asia/Kolkata] PHP Fatal error:  Uncaught Error: Using $this when not in object context in C:\xampp\htdocs\api\tracking\save.php:50
Stack trace:
#0 {main}
  thrown in C:\xampp\htdocs\api\tracking\save.php on line 50
[13-Dec-2025 21:44:57 Asia/Kolkata] PHP Fatal error:  Uncaught Error: Using $this when not in object context in C:\xampp\htdocs\api\tracking\save.php:50
Stack trace:
#0 {main}
  thrown in C:\xampp\htdocs\api\tracking\save.php on line 50
[13-Dec-2025 21:44:59 Asia/Kolkata] PHP Fatal error:  Uncaught Error: Using $this when not in object context in C:\xampp\htdocs\api\tracking\save.php:50
Stack trace:
#0 {main}
  thrown in C:\xampp\htdocs\api\tracking\save.php on line 50
[13-Dec-2025 21:45:01 Asia/Kolkata] PHP Fatal error:  Uncaught Error: Using $this when not in object context in C:\xampp\htdocs\api\tracking\save.php:50
Stack trace:
#0 {main}
  thrown in C:\xampp\htdocs\api\tracking\save.php on line 50
[13-Dec-2025 21:45:31 Asia/Kolkata] PHP Fatal error:  Uncaught Error: Using $this when not in object context in C:\xampp\htdocs\api\tracking\save.php:50
Stack trace:
#0 {main}
  thrown in C:\xampp\htdocs\api\tracking\save.php on line 50
[13-Dec-2025 21:45:33 Asia/Kolkata] PHP Fatal error:  Uncaught Error: Using $this when not in object context in C:\xampp\htdocs\api\tracking\save.php:50
Stack trace:
#0 {main}
  thrown in C:\xampp\htdocs\api\tracking\save.php on line 50
[13-Dec-2025 21:45:49 Asia/Kolkata] PHP Fatal error:  Uncaught Error: Using $this when not in object context in C:\xampp\htdocs\api\tracking\save.php:50
Stack trace:
#0 {main}
  thrown in C:\xampp\htdocs\api\tracking\save.php on line 50
[13-Dec-2025 21:45:50 Asia/Kolkata] PHP Fatal error:  Uncaught Error: Using $this when not in object context in C:\xampp\htdocs\api\tracking\save.php:50
Stack trace:
#0 {main}
  thrown in C:\xampp\htdocs\api\tracking\save.php on line 50
[13-Dec-2025 21:45:51 Asia/Kolkata] PHP Fatal error:  Uncaught Error: Using $this when not in object context in C:\xampp\htdocs\api\tracking\save.php:50
Stack trace:
#0 {main}
  thrown in C:\xampp\htdocs\api\tracking\save.php on line 50
[13-Dec-2025 21:45:51 Asia/Kolkata] Database Query Error: SQLSTATE[42S02]: Base table or view not found: 1146 Table 'news_website.cases' doesn't exist
[13-Dec-2025 21:45:51 Asia/Kolkata] Database Query Error: SQLSTATE[42S02]: Base table or view not found: 1146 Table 'news_website.cases' doesn't exist
[13-Dec-2025 21:45:52 Asia/Kolkata] PHP Fatal error:  Uncaught Error: Using $this when not in object context in C:\xampp\htdocs\api\tracking\save.php:50
Stack trace:
#0 {main}
  thrown in C:\xampp\htdocs\api\tracking\save.php on line 50
[13-Dec-2025 21:45:53 Asia/Kolkata] PHP Fatal error:  Uncaught Error: Using $this when not in object context in C:\xampp\htdocs\api\tracking\save.php:50
Stack trace:
#0 {main}
  thrown in C:\xampp\htdocs\api\tracking\save.php on line 50
[13-Dec-2025 21:46:02 Asia/Kolkata] PHP Fatal error:  Uncaught Error: Using $this when not in object context in C:\xampp\htdocs\api\tracking\save.php:50
Stack trace:
#0 {main}
  thrown in C:\xampp\htdocs\api\tracking\save.php on line 50
[13-Dec-2025 21:46:04 Asia/Kolkata] PHP Fatal error:  Uncaught Error: Using $this when not in object context in C:\xampp\htdocs\api\tracking\save.php:50
Stack trace:
#0 {main}
  thrown in C:\xampp\htdocs\api\tracking\save.php on line 50
[13-Dec-2025 21:46:34 Asia/Kolkata] PHP Fatal error:  Uncaught Error: Using $this when not in object context in C:\xampp\htdocs\api\tracking\save.php:50
Stack trace:
#0 {main}
  thrown in C:\xampp\htdocs\api\tracking\save.php on line 50
[13-Dec-2025 21:46:51 Asia/Kolkata] Database Query Error: SQLSTATE[42S02]: Base table or view not found: 1146 Table 'news_website.cases' doesn't exist
[13-Dec-2025 21:46:51 Asia/Kolkata] Database Query Error: SQLSTATE[42S02]: Base table or view not found: 1146 Table 'news_website.cases' doesn't exist
[13-Dec-2025 21:47:44 Asia/Kolkata] PHP Fatal error:  Uncaught Error: Using $this when not in object context in C:\xampp\htdocs\api\tracking\save.php:50
Stack trace:
#0 {main}
  thrown in C:\xampp\htdocs\api\tracking\save.php on line 50
[13-Dec-2025 21:47:51 Asia/Kolkata] Database Query Error: SQLSTATE[42S02]: Base table or view not found: 1146 Table 'news_website.cases' doesn't exist
[13-Dec-2025 21:47:51 Asia/Kolkata] Database Query Error: SQLSTATE[42S02]: Base table or view not found: 1146 Table 'news_website.cases' doesn't exist
[13-Dec-2025 21:48:14 Asia/Kolkata] PHP Fatal error:  Uncaught Error: Using $this when not in object context in C:\xampp\htdocs\api\tracking\save.php:50
Stack trace:
#0 {main}
  thrown in C:\xampp\htdocs\api\tracking\save.php on line 50
[13-Dec-2025 21:48:51 Asia/Kolkata] Database Query Error: SQLSTATE[42S02]: Base table or view not found: 1146 Table 'news_website.cases' doesn't exist
[13-Dec-2025 21:48:51 Asia/Kolkata] Database Query Error: SQLSTATE[42S02]: Base table or view not found: 1146 Table 'news_website.cases' doesn't exist
[13-Dec-2025 21:49:51 Asia/Kolkata] Database Query Error: SQLSTATE[42S02]: Base table or view not found: 1146 Table 'news_website.cases' doesn't exist
[13-Dec-2025 21:49:51 Asia/Kolkata] Database Query Error: SQLSTATE[42S02]: Base table or view not found: 1146 Table 'news_website.cases' doesn't exist
[13-Dec-2025 21:50:51 Asia/Kolkata] Database Query Error: SQLSTATE[42S02]: Base table or view not found: 1146 Table 'news_website.cases' doesn't exist
[13-Dec-2025 21:50:51 Asia/Kolkata] Database Query Error: SQLSTATE[42S02]: Base table or view not found: 1146 Table 'news_website.cases' doesn't exist
[13-Dec-2025 21:51:51 Asia/Kolkata] Database Query Error: SQLSTATE[42S02]: Base table or view not found: 1146 Table 'news_website.cases' doesn't exist
[13-Dec-2025 21:51:51 Asia/Kolkata] Database Query Error: SQLSTATE[42S02]: Base table or view not found: 1146 Table 'news_website.cases' doesn't exist
[13-Dec-2025 21:52:51 Asia/Kolkata] Database Query Error: SQLSTATE[42S02]: Base table or view not found: 1146 Table 'news_website.cases' doesn't exist
[13-Dec-2025 21:52:51 Asia/Kolkata] Database Query Error: SQLSTATE[42S02]: Base table or view not found: 1146 Table 'news_website.cases' doesn't exist
[13-Dec-2025 21:53:51 Asia/Kolkata] Database Query Error: SQLSTATE[42S02]: Base table or view not found: 1146 Table 'news_website.cases' doesn't exist
[13-Dec-2025 21:53:51 Asia/Kolkata] Database Query Error: SQLSTATE[42S02]: Base table or view not found: 1146 Table 'news_website.cases' doesn't exist
[13-Dec-2025 21:54:01 Asia/Kolkata] PHP Fatal error:  Uncaught Error: Using $this when not in object context in C:\xampp\htdocs\api\tracking\save.php:50
Stack trace:
#0 {main}
  thrown in C:\xampp\htdocs\api\tracking\save.php on line 50
[13-Dec-2025 21:54:51 Asia/Kolkata] Database Query Error: SQLSTATE[42S02]: Base table or view not found: 1146 Table 'news_website.cases' doesn't exist
[13-Dec-2025 21:54:51 Asia/Kolkata] Database Query Error: SQLSTATE[42S02]: Base table or view not found: 1146 Table 'news_website.cases' doesn't exist
[13-Dec-2025 21:55:51 Asia/Kolkata] Database Query Error: SQLSTATE[42S02]: Base table or view not found: 1146 Table 'news_website.cases' doesn't exist
[13-Dec-2025 21:55:51 Asia/Kolkata] Database Query Error: SQLSTATE[42S02]: Base table or view not found: 1146 Table 'news_website.cases' doesn't exist
[13-Dec-2025 21:56:51 Asia/Kolkata] Database Query Error: SQLSTATE[42S02]: Base table or view not found: 1146 Table 'news_website.cases' doesn't exist
[13-Dec-2025 21:56:51 Asia/Kolkata] Database Query Error: SQLSTATE[42S02]: Base table or view not found: 1146 Table 'news_website.cases' doesn't exist
[13-Dec-2025 21:57:51 Asia/Kolkata] Database Query Error: SQLSTATE[42S02]: Base table or view not found: 1146 Table 'news_website.cases' doesn't exist
[13-Dec-2025 21:57:51 Asia/Kolkata] Database Query Error: SQLSTATE[42S02]: Base table or view not found: 1146 Table 'news_website.cases' doesn't exist
[13-Dec-2025 21:58:51 Asia/Kolkata] Database Query Error: SQLSTATE[42S02]: Base table or view not found: 1146 Table 'news_website.cases' doesn't exist
[13-Dec-2025 21:58:51 Asia/Kolkata] Database Query Error: SQLSTATE[42S02]: Base table or view not found: 1146 Table 'news_website.cases' doesn't exist
[13-Dec-2025 21:59:51 Asia/Kolkata] Database Query Error: SQLSTATE[42S02]: Base table or view not found: 1146 Table 'news_website.cases' doesn't exist
[13-Dec-2025 21:59:51 Asia/Kolkata] Database Query Error: SQLSTATE[42S02]: Base table or view not found: 1146 Table 'news_website.cases' doesn't exist
[13-Dec-2025 22:00:51 Asia/Kolkata] Database Query Error: SQLSTATE[42S02]: Base table or view not found: 1146 Table 'news_website.cases' doesn't exist
[13-Dec-2025 22:00:51 Asia/Kolkata] Database Query Error: SQLSTATE[42S02]: Base table or view not found: 1146 Table 'news_website.cases' doesn't exist
[13-Dec-2025 22:01:51 Asia/Kolkata] Database Query Error: SQLSTATE[42S02]: Base table or view not found: 1146 Table 'news_website.cases' doesn't exist
[13-Dec-2025 22:01:51 Asia/Kolkata] Database Query Error: SQLSTATE[42S02]: Base table or view not found: 1146 Table 'news_website.cases' doesn't exist
[13-Dec-2025 22:02:51 Asia/Kolkata] Database Query Error: SQLSTATE[42S02]: Base table or view not found: 1146 Table 'news_website.cases' doesn't exist
[13-Dec-2025 22:02:51 Asia/Kolkata] Database Query Error: SQLSTATE[42S02]: Base table or view not found: 1146 Table 'news_website.cases' doesn't exist
[13-Dec-2025 22:03:51 Asia/Kolkata] Database Query Error: SQLSTATE[42S02]: Base table or view not found: 1146 Table 'news_website.cases' doesn't exist
[13-Dec-2025 22:03:51 Asia/Kolkata] Database Query Error: SQLSTATE[42S02]: Base table or view not found: 1146 Table 'news_website.cases' doesn't exist
[13-Dec-2025 22:04:51 Asia/Kolkata] Database Query Error: SQLSTATE[42S02]: Base table or view not found: 1146 Table 'news_website.cases' doesn't exist
[13-Dec-2025 22:04:51 Asia/Kolkata] Database Query Error: SQLSTATE[42S02]: Base table or view not found: 1146 Table 'news_website.cases' doesn't exist
[13-Dec-2025 22:05:51 Asia/Kolkata] Database Query Error: SQLSTATE[42S02]: Base table or view not found: 1146 Table 'news_website.cases' doesn't exist
[13-Dec-2025 22:05:51 Asia/Kolkata] Database Query Error: SQLSTATE[42S02]: Base table or view not found: 1146 Table 'news_website.cases' doesn't exist
[13-Dec-2025 22:06:52 Asia/Kolkata] Database Query Error: SQLSTATE[42S02]: Base table or view not found: 1146 Table 'news_website.cases' doesn't exist
[13-Dec-2025 22:06:52 Asia/Kolkata] Database Query Error: SQLSTATE[42S02]: Base table or view not found: 1146 Table 'news_website.cases' doesn't exist
[13-Dec-2025 22:07:51 Asia/Kolkata] Database Query Error: SQLSTATE[42S02]: Base table or view not found: 1146 Table 'news_website.cases' doesn't exist
[13-Dec-2025 22:07:51 Asia/Kolkata] Database Query Error: SQLSTATE[42S02]: Base table or view not found: 1146 Table 'news_website.cases' doesn't exist
[13-Dec-2025 22:08:51 Asia/Kolkata] Database Query Error: SQLSTATE[42S02]: Base table or view not found: 1146 Table 'news_website.cases' doesn't exist
[13-Dec-2025 22:08:51 Asia/Kolkata] Database Query Error: SQLSTATE[42S02]: Base table or view not found: 1146 Table 'news_website.cases' doesn't exist
[13-Dec-2025 22:09:51 Asia/Kolkata] Database Query Error: SQLSTATE[42S02]: Base table or view not found: 1146 Table 'news_website.cases' doesn't exist
[13-Dec-2025 22:09:51 Asia/Kolkata] Database Query Error: SQLSTATE[42S02]: Base table or view not found: 1146 Table 'news_website.cases' doesn't exist
[13-Dec-2025 22:10:51 Asia/Kolkata] Database Query Error: SQLSTATE[42S02]: Base table or view not found: 1146 Table 'news_website.cases' doesn't exist
[13-Dec-2025 22:10:51 Asia/Kolkata] Database Query Error: SQLSTATE[42S02]: Base table or view not found: 1146 Table 'news_website.cases' doesn't exist
[13-Dec-2025 22:11:51 Asia/Kolkata] Database Query Error: SQLSTATE[42S02]: Base table or view not found: 1146 Table 'news_website.cases' doesn't exist
[13-Dec-2025 22:11:51 Asia/Kolkata] Database Query Error: SQLSTATE[42S02]: Base table or view not found: 1146 Table 'news_website.cases' doesn't exist
[13-Dec-2025 22:12:51 Asia/Kolkata] Database Query Error: SQLSTATE[42S02]: Base table or view not found: 1146 Table 'news_website.cases' doesn't exist
[13-Dec-2025 22:12:51 Asia/Kolkata] Database Query Error: SQLSTATE[42S02]: Base table or view not found: 1146 Table 'news_website.cases' doesn't exist
[13-Dec-2025 22:13:51 Asia/Kolkata] Database Query Error: SQLSTATE[42S02]: Base table or view not found: 1146 Table 'news_website.cases' doesn't exist
[13-Dec-2025 22:13:51 Asia/Kolkata] Database Query Error: SQLSTATE[42S02]: Base table or view not found: 1146 Table 'news_website.cases' doesn't exist
[13-Dec-2025 22:14:51 Asia/Kolkata] Database Query Error: SQLSTATE[42S02]: Base table or view not found: 1146 Table 'news_website.cases' doesn't exist
[13-Dec-2025 22:14:51 Asia/Kolkata] Database Query Error: SQLSTATE[42S02]: Base table or view not found: 1146 Table 'news_website.cases' doesn't exist
[13-Dec-2025 22:15:51 Asia/Kolkata] Database Query Error: SQLSTATE[42S02]: Base table or view not found: 1146 Table 'news_website.cases' doesn't exist
[13-Dec-2025 22:15:51 Asia/Kolkata] Database Query Error: SQLSTATE[42S02]: Base table or view not found: 1146 Table 'news_website.cases' doesn't exist
[13-Dec-2025 22:16:51 Asia/Kolkata] Database Query Error: SQLSTATE[42S02]: Base table or view not found: 1146 Table 'news_website.cases' doesn't exist
[13-Dec-2025 22:16:51 Asia/Kolkata] Database Query Error: SQLSTATE[42S02]: Base table or view not found: 1146 Table 'news_website.cases' doesn't exist
[13-Dec-2025 22:17:51 Asia/Kolkata] Database Query Error: SQLSTATE[42S02]: Base table or view not found: 1146 Table 'news_website.cases' doesn't exist
[13-Dec-2025 22:17:51 Asia/Kolkata] Database Query Error: SQLSTATE[42S02]: Base table or view not found: 1146 Table 'news_website.cases' doesn't exist
[13-Dec-2025 22:18:51 Asia/Kolkata] Database Query Error: SQLSTATE[42S02]: Base table or view not found: 1146 Table 'news_website.cases' doesn't exist
[13-Dec-2025 22:18:51 Asia/Kolkata] Database Query Error: SQLSTATE[42S02]: Base table or view not found: 1146 Table 'news_website.cases' doesn't exist
[13-Dec-2025 22:19:51 Asia/Kolkata] Database Query Error: SQLSTATE[42S02]: Base table or view not found: 1146 Table 'news_website.cases' doesn't exist
[13-Dec-2025 22:19:51 Asia/Kolkata] Database Query Error: SQLSTATE[42S02]: Base table or view not found: 1146 Table 'news_website.cases' doesn't exist
[13-Dec-2025 22:20:51 Asia/Kolkata] Database Query Error: SQLSTATE[42S02]: Base table or view not found: 1146 Table 'news_website.cases' doesn't exist
[13-Dec-2025 22:20:51 Asia/Kolkata] Database Query Error: SQLSTATE[42S02]: Base table or view not found: 1146 Table 'news_website.cases' doesn't exist
[13-Dec-2025 22:21:51 Asia/Kolkata] Database Query Error: SQLSTATE[42S02]: Base table or view not found: 1146 Table 'news_website.cases' doesn't exist
[13-Dec-2025 22:21:51 Asia/Kolkata] Database Query Error: SQLSTATE[42S02]: Base table or view not found: 1146 Table 'news_website.cases' doesn't exist
[13-Dec-2025 22:22:35 Asia/Kolkata] Database Query Error: SQLSTATE[42S02]: Base table or view not found: 1146 Table 'news_website.cases' doesn't exist
[13-Dec-2025 22:22:40 Asia/Kolkata] Database Query Error: SQLSTATE[42S02]: Base table or view not found: 1146 Table 'news_website.cases' doesn't exist
[13-Dec-2025 22:22:58 Asia/Kolkata] Database Query Error: SQLSTATE[42S02]: Base table or view not found: 1146 Table 'news_website.cases' doesn't exist
[13-Dec-2025 22:23:26 Asia/Kolkata] PHP Fatal error:  Uncaught Error: Using $this when not in object context in C:\xampp\htdocs\api\tracking\save.php:50
Stack trace:
#0 {main}
  thrown in C:\xampp\htdocs\api\tracking\save.php on line 50
[13-Dec-2025 22:23:28 Asia/Kolkata] Database Query Error: SQLSTATE[42S02]: Base table or view not found: 1146 Table 'news_website.cases' doesn't exist
[13-Dec-2025 22:23:33 Asia/Kolkata] PHP Fatal error:  Uncaught Error: Using $this when not in object context in C:\xampp\htdocs\api\tracking\save.php:50
Stack trace:
#0 {main}
  thrown in C:\xampp\htdocs\api\tracking\save.php on line 50
[13-Dec-2025 22:23:56 Asia/Kolkata] PHP Fatal error:  Uncaught Error: Using $this when not in object context in C:\xampp\htdocs\api\tracking\save.php:50
Stack trace:
#0 {main}
  thrown in C:\xampp\htdocs\api\tracking\save.php on line 50
[13-Dec-2025 22:24:51 Asia/Kolkata] Database Query Error: SQLSTATE[42S02]: Base table or view not found: 1146 Table 'news_website.cases' doesn't exist
[13-Dec-2025 22:25:51 Asia/Kolkata] Database Query Error: SQLSTATE[42S02]: Base table or view not found: 1146 Table 'news_website.cases' doesn't exist
[13-Dec-2025 22:26:51 Asia/Kolkata] Database Query Error: SQLSTATE[42S02]: Base table or view not found: 1146 Table 'news_website.cases' doesn't exist
[13-Dec-2025 22:27:51 Asia/Kolkata] Database Query Error: SQLSTATE[42S02]: Base table or view not found: 1146 Table 'news_website.cases' doesn't exist
[13-Dec-2025 22:28:51 Asia/Kolkata] Database Query Error: SQLSTATE[42S02]: Base table or view not found: 1146 Table 'news_website.cases' doesn't exist
[13-Dec-2025 22:29:51 Asia/Kolkata] Database Query Error: SQLSTATE[42S02]: Base table or view not found: 1146 Table 'news_website.cases' doesn't exist
[13-Dec-2025 22:30:51 Asia/Kolkata] Database Query Error: SQLSTATE[42S02]: Base table or view not found: 1146 Table 'news_website.cases' doesn't exist
[13-Dec-2025 22:31:51 Asia/Kolkata] Database Query Error: SQLSTATE[42S02]: Base table or view not found: 1146 Table 'news_website.cases' doesn't exist
[13-Dec-2025 22:32:51 Asia/Kolkata] Database Query Error: SQLSTATE[42S02]: Base table or view not found: 1146 Table 'news_website.cases' doesn't exist
[13-Dec-2025 22:33:51 Asia/Kolkata] Database Query Error: SQLSTATE[42S02]: Base table or view not found: 1146 Table 'news_website.cases' doesn't exist
[13-Dec-2025 22:34:51 Asia/Kolkata] Database Query Error: SQLSTATE[42S02]: Base table or view not found: 1146 Table 'news_website.cases' doesn't exist
[13-Dec-2025 22:34:55 Asia/Kolkata] PHP Fatal error:  Uncaught Error: Using $this when not in object context in C:\xampp\htdocs\api\tracking\save.php:50
Stack trace:
#0 {main}
  thrown in C:\xampp\htdocs\api\tracking\save.php on line 50
[13-Dec-2025 22:35:47 Asia/Kolkata] PHP Fatal error:  Uncaught Error: Using $this when not in object context in C:\xampp\htdocs\api\tracking\save.php:50
Stack trace:
#0 {main}
  thrown in C:\xampp\htdocs\api\tracking\save.php on line 50
[13-Dec-2025 22:35:49 Asia/Kolkata] PHP Fatal error:  Uncaught Error: Using $this when not in object context in C:\xampp\htdocs\api\tracking\save.php:50
Stack trace:
#0 {main}
  thrown in C:\xampp\htdocs\api\tracking\save.php on line 50
[13-Dec-2025 22:35:51 Asia/Kolkata] Database Query Error: SQLSTATE[42S02]: Base table or view not found: 1146 Table 'news_website.cases' doesn't exist
[13-Dec-2025 22:36:19 Asia/Kolkata] PHP Fatal error:  Uncaught Error: Using $this when not in object context in C:\xampp\htdocs\api\tracking\save.php:50
Stack trace:
#0 {main}
  thrown in C:\xampp\htdocs\api\tracking\save.php on line 50
[13-Dec-2025 22:36:45 Asia/Kolkata] PHP Fatal error:  Uncaught Error: Using $this when not in object context in C:\xampp\htdocs\api\tracking\save.php:50
Stack trace:
#0 {main}
  thrown in C:\xampp\htdocs\api\tracking\save.php on line 50
[13-Dec-2025 22:36:51 Asia/Kolkata] Database Query Error: SQLSTATE[42S02]: Base table or view not found: 1146 Table 'news_website.cases' doesn't exist
[13-Dec-2025 22:37:16 Asia/Kolkata] PHP Fatal error:  Uncaught Error: Using $this when not in object context in C:\xampp\htdocs\api\tracking\save.php:50
Stack trace:
#0 {main}
  thrown in C:\xampp\htdocs\api\tracking\save.php on line 50
[13-Dec-2025 22:37:44 Asia/Kolkata] Database Query Error: SQLSTATE[42S02]: Base table or view not found: 1146 Table 'news_website.cases' doesn't exist
[13-Dec-2025 22:37:50 Asia/Kolkata] PHP Fatal error:  Uncaught Error: Using $this when not in object context in C:\xampp\htdocs\api\tracking\save.php:50
Stack trace:
#0 {main}
  thrown in C:\xampp\htdocs\api\tracking\save.php on line 50
[13-Dec-2025 22:37:51 Asia/Kolkata] PHP Fatal error:  Uncaught Error: Using $this when not in object context in C:\xampp\htdocs\api\tracking\save.php:50
Stack trace:
#0 {main}
  thrown in C:\xampp\htdocs\api\tracking\save.php on line 50
[13-Dec-2025 22:37:51 Asia/Kolkata] PHP Fatal error:  Uncaught Error: Using $this when not in object context in C:\xampp\htdocs\api\tracking\save.php:50
Stack trace:
#0 {main}
  thrown in C:\xampp\htdocs\api\tracking\save.php on line 50
[13-Dec-2025 22:37:53 Asia/Kolkata] PHP Fatal error:  Uncaught Error: Using $this when not in object context in C:\xampp\htdocs\api\tracking\save.php:50
Stack trace:
#0 {main}
  thrown in C:\xampp\htdocs\api\tracking\save.php on line 50
[13-Dec-2025 22:37:54 Asia/Kolkata] PHP Fatal error:  Uncaught Error: Using $this when not in object context in C:\xampp\htdocs\api\tracking\save.php:50
Stack trace:
#0 {main}
  thrown in C:\xampp\htdocs\api\tracking\save.php on line 50
[13-Dec-2025 22:37:55 Asia/Kolkata] PHP Fatal error:  Uncaught Error: Using $this when not in object context in C:\xampp\htdocs\api\tracking\save.php:50
Stack trace:
#0 {main}
  thrown in C:\xampp\htdocs\api\tracking\save.php on line 50
[13-Dec-2025 22:37:57 Asia/Kolkata] PHP Fatal error:  Uncaught Error: Using $this when not in object context in C:\xampp\htdocs\api\tracking\save.php:50
Stack trace:
#0 {main}
  thrown in C:\xampp\htdocs\api\tracking\save.php on line 50
[13-Dec-2025 22:37:58 Asia/Kolkata] Database Query Error: SQLSTATE[42S02]: Base table or view not found: 1146 Table 'news_website.cases' doesn't exist
[13-Dec-2025 22:38:28 Asia/Kolkata] PHP Fatal error:  Uncaught Error: Using $this when not in object context in C:\xampp\htdocs\api\tracking\save.php:50
Stack trace:
#0 {main}
  thrown in C:\xampp\htdocs\api\tracking\save.php on line 50
[13-Dec-2025 22:38:28 Asia/Kolkata] Database Query Error: SQLSTATE[42S02]: Base table or view not found: 1146 Table 'news_website.cases' doesn't exist
[13-Dec-2025 22:38:58 Asia/Kolkata] Database Query Error: SQLSTATE[42S02]: Base table or view not found: 1146 Table 'news_website.cases' doesn't exist
[13-Dec-2025 22:39:23 Asia/Kolkata] PHP Fatal error:  Uncaught Error: Using $this when not in object context in C:\xampp\htdocs\api\tracking\save.php:50
Stack trace:
#0 {main}
  thrown in C:\xampp\htdocs\api\tracking\save.php on line 50
[13-Dec-2025 22:39:28 Asia/Kolkata] Database Query Error: SQLSTATE[42S02]: Base table or view not found: 1146 Table 'news_website.cases' doesn't exist
[13-Dec-2025 22:40:51 Asia/Kolkata] Database Query Error: SQLSTATE[42S02]: Base table or view not found: 1146 Table 'news_website.cases' doesn't exist
[13-Dec-2025 22:41:51 Asia/Kolkata] Database Query Error: SQLSTATE[42S02]: Base table or view not found: 1146 Table 'news_website.cases' doesn't exist
[13-Dec-2025 22:42:51 Asia/Kolkata] Database Query Error: SQLSTATE[42S02]: Base table or view not found: 1146 Table 'news_website.cases' doesn't exist
[13-Dec-2025 22:43:51 Asia/Kolkata] Database Query Error: SQLSTATE[42S02]: Base table or view not found: 1146 Table 'news_website.cases' doesn't exist
[13-Dec-2025 22:44:51 Asia/Kolkata] Database Query Error: SQLSTATE[42S02]: Base table or view not found: 1146 Table 'news_website.cases' doesn't exist
[13-Dec-2025 22:45:51 Asia/Kolkata] Database Query Error: SQLSTATE[42S02]: Base table or view not found: 1146 Table 'news_website.cases' doesn't exist
[13-Dec-2025 22:46:51 Asia/Kolkata] Database Query Error: SQLSTATE[42S02]: Base table or view not found: 1146 Table 'news_website.cases' doesn't exist
[13-Dec-2025 22:47:51 Asia/Kolkata] Database Query Error: SQLSTATE[42S02]: Base table or view not found: 1146 Table 'news_website.cases' doesn't exist
[13-Dec-2025 22:48:51 Asia/Kolkata] Database Query Error: SQLSTATE[42S02]: Base table or view not found: 1146 Table 'news_website.cases' doesn't exist
[13-Dec-2025 22:49:51 Asia/Kolkata] Database Query Error: SQLSTATE[42S02]: Base table or view not found: 1146 Table 'news_website.cases' doesn't exist
[13-Dec-2025 22:50:51 Asia/Kolkata] Database Query Error: SQLSTATE[42S02]: Base table or view not found: 1146 Table 'news_website.cases' doesn't exist
[13-Dec-2025 22:51:51 Asia/Kolkata] Database Query Error: SQLSTATE[42S02]: Base table or view not found: 1146 Table 'news_website.cases' doesn't exist
[13-Dec-2025 22:52:51 Asia/Kolkata] Database Query Error: SQLSTATE[42S02]: Base table or view not found: 1146 Table 'news_website.cases' doesn't exist
[13-Dec-2025 22:53:51 Asia/Kolkata] Database Query Error: SQLSTATE[42S02]: Base table or view not found: 1146 Table 'news_website.cases' doesn't exist
[13-Dec-2025 22:54:51 Asia/Kolkata] Database Query Error: SQLSTATE[42S02]: Base table or view not found: 1146 Table 'news_website.cases' doesn't exist
[13-Dec-2025 22:55:51 Asia/Kolkata] Database Query Error: SQLSTATE[42S02]: Base table or view not found: 1146 Table 'news_website.cases' doesn't exist
[13-Dec-2025 22:56:51 Asia/Kolkata] Database Query Error: SQLSTATE[42S02]: Base table or view not found: 1146 Table 'news_website.cases' doesn't exist
[13-Dec-2025 22:57:51 Asia/Kolkata] Database Query Error: SQLSTATE[42S02]: Base table or view not found: 1146 Table 'news_website.cases' doesn't exist
[13-Dec-2025 22:58:51 Asia/Kolkata] Database Query Error: SQLSTATE[42S02]: Base table or view not found: 1146 Table 'news_website.cases' doesn't exist
[13-Dec-2025 22:59:51 Asia/Kolkata] Database Query Error: SQLSTATE[42S02]: Base table or view not found: 1146 Table 'news_website.cases' doesn't exist
[13-Dec-2025 23:00:51 Asia/Kolkata] Database Query Error: SQLSTATE[42S02]: Base table or view not found: 1146 Table 'news_website.cases' doesn't exist
[13-Dec-2025 23:01:51 Asia/Kolkata] Database Query Error: SQLSTATE[42S02]: Base table or view not found: 1146 Table 'news_website.cases' doesn't exist
[13-Dec-2025 23:02:51 Asia/Kolkata] Database Query Error: SQLSTATE[42S02]: Base table or view not found: 1146 Table 'news_website.cases' doesn't exist
[13-Dec-2025 23:03:51 Asia/Kolkata] Database Query Error: SQLSTATE[42S02]: Base table or view not found: 1146 Table 'news_website.cases' doesn't exist
[13-Dec-2025 23:04:51 Asia/Kolkata] Database Query Error: SQLSTATE[42S02]: Base table or view not found: 1146 Table 'news_website.cases' doesn't exist
[13-Dec-2025 23:05:51 Asia/Kolkata] Database Query Error: SQLSTATE[42S02]: Base table or view not found: 1146 Table 'news_website.cases' doesn't exist
[13-Dec-2025 23:06:51 Asia/Kolkata] Database Query Error: SQLSTATE[42S02]: Base table or view not found: 1146 Table 'news_website.cases' doesn't exist
[13-Dec-2025 23:07:51 Asia/Kolkata] Database Query Error: SQLSTATE[42S02]: Base table or view not found: 1146 Table 'news_website.cases' doesn't exist
[13-Dec-2025 23:08:51 Asia/Kolkata] Database Query Error: SQLSTATE[42S02]: Base table or view not found: 1146 Table 'news_website.cases' doesn't exist
[13-Dec-2025 23:09:11 Asia/Kolkata] Database Query Error: SQLSTATE[42S02]: Base table or view not found: 1146 Table 'news_website.cases' doesn't exist
[15-Dec-2025 17:16:57 Asia/Kolkata] PHP Fatal error:  Uncaught Error: Using $this when not in object context in C:\xampp\htdocs\api\tracking\save.php:50
Stack trace:
#0 {main}
  thrown in C:\xampp\htdocs\api\tracking\save.php on line 50
[15-Dec-2025 17:17:06 Asia/Kolkata] PHP Fatal error:  Uncaught Error: Using $this when not in object context in C:\xampp\htdocs\api\tracking\save.php:50
Stack trace:
#0 {main}
  thrown in C:\xampp\htdocs\api\tracking\save.php on line 50
[15-Dec-2025 17:17:07 Asia/Kolkata] PHP Warning:  Undefined array key "featured_image" in C:\xampp\htdocs\rss.php on line 64
[15-Dec-2025 17:17:07 Asia/Kolkata] PHP Warning:  Undefined array key "featured_image" in C:\xampp\htdocs\rss.php on line 64
[15-Dec-2025 17:17:07 Asia/Kolkata] PHP Warning:  Undefined array key "featured_image" in C:\xampp\htdocs\rss.php on line 64
[15-Dec-2025 17:17:07 Asia/Kolkata] PHP Warning:  Undefined array key "featured_image" in C:\xampp\htdocs\rss.php on line 64
[15-Dec-2025 17:17:07 Asia/Kolkata] PHP Warning:  Undefined array key "featured_image" in C:\xampp\htdocs\rss.php on line 64
[15-Dec-2025 17:17:07 Asia/Kolkata] PHP Warning:  Undefined array key "featured_image" in C:\xampp\htdocs\rss.php on line 64
[15-Dec-2025 17:17:07 Asia/Kolkata] PHP Warning:  Undefined array key "featured_image" in C:\xampp\htdocs\rss.php on line 64
[15-Dec-2025 17:17:07 Asia/Kolkata] PHP Warning:  Undefined array key "featured_image" in C:\xampp\htdocs\rss.php on line 64
[15-Dec-2025 17:17:07 Asia/Kolkata] PHP Warning:  Undefined array key "featured_image" in C:\xampp\htdocs\rss.php on line 64
[15-Dec-2025 17:17:07 Asia/Kolkata] PHP Warning:  Undefined array key "featured_image" in C:\xampp\htdocs\rss.php on line 64
[15-Dec-2025 17:17:07 Asia/Kolkata] PHP Warning:  Undefined array key "featured_image" in C:\xampp\htdocs\rss.php on line 64
[15-Dec-2025 17:17:07 Asia/Kolkata] PHP Warning:  Undefined array key "featured_image" in C:\xampp\htdocs\rss.php on line 64
[15-Dec-2025 17:17:07 Asia/Kolkata] PHP Warning:  Undefined array key "featured_image" in C:\xampp\htdocs\rss.php on line 64
[15-Dec-2025 17:17:07 Asia/Kolkata] PHP Warning:  Undefined array key "featured_image" in C:\xampp\htdocs\rss.php on line 64
[15-Dec-2025 17:17:07 Asia/Kolkata] PHP Warning:  Undefined array key "featured_image" in C:\xampp\htdocs\rss.php on line 64
[15-Dec-2025 17:17:07 Asia/Kolkata] PHP Warning:  Undefined array key "featured_image" in C:\xampp\htdocs\rss.php on line 64
[15-Dec-2025 17:17:07 Asia/Kolkata] PHP Warning:  Undefined array key "featured_image" in C:\xampp\htdocs\rss.php on line 64
[15-Dec-2025 17:17:07 Asia/Kolkata] PHP Warning:  Undefined array key "featured_image" in C:\xampp\htdocs\rss.php on line 64
[15-Dec-2025 17:17:07 Asia/Kolkata] PHP Warning:  Undefined array key "featured_image" in C:\xampp\htdocs\rss.php on line 64
[15-Dec-2025 17:17:07 Asia/Kolkata] PHP Warning:  Undefined array key "featured_image" in C:\xampp\htdocs\rss.php on line 64
[15-Dec-2025 17:17:07 Asia/Kolkata] PHP Warning:  Undefined array key "featured_image" in C:\xampp\htdocs\rss.php on line 64
[15-Dec-2025 17:17:07 Asia/Kolkata] PHP Warning:  Undefined array key "featured_image" in C:\xampp\htdocs\rss.php on line 64
[15-Dec-2025 17:17:07 Asia/Kolkata] PHP Warning:  Undefined array key "featured_image" in C:\xampp\htdocs\rss.php on line 64
[15-Dec-2025 17:17:07 Asia/Kolkata] PHP Warning:  Undefined array key "featured_image" in C:\xampp\htdocs\rss.php on line 64
[15-Dec-2025 17:17:07 Asia/Kolkata] PHP Warning:  Undefined array key "featured_image" in C:\xampp\htdocs\rss.php on line 64
[15-Dec-2025 17:17:07 Asia/Kolkata] PHP Warning:  Undefined array key "featured_image" in C:\xampp\htdocs\rss.php on line 64
[15-Dec-2025 17:17:07 Asia/Kolkata] PHP Warning:  Undefined array key "featured_image" in C:\xampp\htdocs\rss.php on line 64
[15-Dec-2025 17:17:07 Asia/Kolkata] PHP Warning:  Undefined array key "featured_image" in C:\xampp\htdocs\rss.php on line 64
[15-Dec-2025 19:54:49 Asia/Kolkata] PHP Fatal error:  Uncaught Error: Using $this when not in object context in C:\xampp\htdocs\api\tracking\save.php:50
Stack trace:
#0 {main}
  thrown in C:\xampp\htdocs\api\tracking\save.php on line 50
[15-Dec-2025 19:54:50 Asia/Kolkata] Database Query Error: SQLSTATE[42S02]: Base table or view not found: 1146 Table 'news_website.cases' doesn't exist
[15-Dec-2025 19:54:51 Asia/Kolkata] Database Query Error: SQLSTATE[42S02]: Base table or view not found: 1146 Table 'news_website.cases' doesn't exist
[15-Dec-2025 19:54:55 Asia/Kolkata] PHP Fatal error:  Uncaught Error: Using $this when not in object context in C:\xampp\htdocs\api\tracking\save.php:50
Stack trace:
#0 {main}
  thrown in C:\xampp\htdocs\api\tracking\save.php on line 50
[15-Dec-2025 22:22:42 Asia/Kolkata] PHP Fatal error:  Uncaught Error: Using $this when not in object context in C:\xampp\htdocs\api\tracking\save.php:50
Stack trace:
#0 {main}
  thrown in C:\xampp\htdocs\api\tracking\save.php on line 50
[15-Dec-2025 22:22:48 Asia/Kolkata] PHP Fatal error:  Uncaught Error: Using $this when not in object context in C:\xampp\htdocs\api\tracking\save.php:50
Stack trace:
#0 {main}
  thrown in C:\xampp\htdocs\api\tracking\save.php on line 50
[15-Dec-2025 22:23:02 Asia/Kolkata] PHP Fatal error:  Uncaught Error: Using $this when not in object context in C:\xampp\htdocs\api\tracking\save.php:50
Stack trace:
#0 {main}
  thrown in C:\xampp\htdocs\api\tracking\save.php on line 50
[15-Dec-2025 22:23:04 Asia/Kolkata] PHP Fatal error:  Uncaught Error: Using $this when not in object context in C:\xampp\htdocs\api\tracking\save.php:50
Stack trace:
#0 {main}
  thrown in C:\xampp\htdocs\api\tracking\save.php on line 50
[15-Dec-2025 22:23:09 Asia/Kolkata] PHP Fatal error:  Uncaught Error: Using $this when not in object context in C:\xampp\htdocs\api\tracking\save.php:50
Stack trace:
#0 {main}
  thrown in C:\xampp\htdocs\api\tracking\save.php on line 50
[15-Dec-2025 22:23:25 Asia/Kolkata] PHP Fatal error:  Uncaught Error: Using $this when not in object context in C:\xampp\htdocs\api\tracking\save.php:50
Stack trace:
#0 {main}
  thrown in C:\xampp\htdocs\api\tracking\save.php on line 50
[15-Dec-2025 22:23:55 Asia/Kolkata] PHP Fatal error:  Uncaught Error: Using $this when not in object context in C:\xampp\htdocs\api\tracking\save.php:50
Stack trace:
#0 {main}
  thrown in C:\xampp\htdocs\api\tracking\save.php on line 50
[15-Dec-2025 22:25:29 Asia/Kolkata] PHP Fatal error:  Uncaught Error: Using $this when not in object context in C:\xampp\htdocs\api\tracking\save.php:50
Stack trace:
#0 {main}
  thrown in C:\xampp\htdocs\api\tracking\save.php on line 50
[15-Dec-2025 22:25:52 Asia/Kolkata] PHP Fatal error:  Uncaught Error: Using $this when not in object context in C:\xampp\htdocs\api\tracking\save.php:50
Stack trace:
#0 {main}
  thrown in C:\xampp\htdocs\api\tracking\save.php on line 50
[15-Dec-2025 22:26:10 Asia/Kolkata] PHP Fatal error:  Uncaught Error: Using $this when not in object context in C:\xampp\htdocs\api\tracking\save.php:50
Stack trace:
#0 {main}
  thrown in C:\xampp\htdocs\api\tracking\save.php on line 50
[15-Dec-2025 22:26:30 Asia/Kolkata] PHP Fatal error:  Uncaught Error: Using $this when not in object context in C:\xampp\htdocs\api\tracking\save.php:50
Stack trace:
#0 {main}
  thrown in C:\xampp\htdocs\api\tracking\save.php on line 50
[15-Dec-2025 22:26:33 Asia/Kolkata] PHP Fatal error:  Uncaught Error: Using $this when not in object context in C:\xampp\htdocs\api\tracking\save.php:50
Stack trace:
#0 {main}
  thrown in C:\xampp\htdocs\api\tracking\save.php on line 50
[15-Dec-2025 22:27:03 Asia/Kolkata] PHP Fatal error:  Uncaught Error: Using $this when not in object context in C:\xampp\htdocs\api\tracking\save.php:50
Stack trace:
#0 {main}
  thrown in C:\xampp\htdocs\api\tracking\save.php on line 50
[15-Dec-2025 22:27:33 Asia/Kolkata] PHP Fatal error:  Uncaught Error: Using $this when not in object context in C:\xampp\htdocs\api\tracking\save.php:50
Stack trace:
#0 {main}
  thrown in C:\xampp\htdocs\api\tracking\save.php on line 50
[15-Dec-2025 22:28:04 Asia/Kolkata] PHP Fatal error:  Uncaught Error: Using $this when not in object context in C:\xampp\htdocs\api\tracking\save.php:50
Stack trace:
#0 {main}
  thrown in C:\xampp\htdocs\api\tracking\save.php on line 50
[15-Dec-2025 22:28:21 Asia/Kolkata] PHP Fatal error:  Uncaught Error: Using $this when not in object context in C:\xampp\htdocs\api\tracking\save.php:50
Stack trace:
#0 {main}
  thrown in C:\xampp\htdocs\api\tracking\save.php on line 50
[15-Dec-2025 22:28:52 Asia/Kolkata] PHP Fatal error:  Uncaught Error: Using $this when not in object context in C:\xampp\htdocs\api\tracking\save.php:50
Stack trace:
#0 {main}
  thrown in C:\xampp\htdocs\api\tracking\save.php on line 50
[15-Dec-2025 22:38:53 Asia/Kolkata] PHP Fatal error:  Uncaught Error: Using $this when not in object context in C:\xampp\htdocs\api\tracking\save.php:50
Stack trace:
#0 {main}
  thrown in C:\xampp\htdocs\api\tracking\save.php on line 50
[15-Dec-2025 22:39:05 Asia/Kolkata] PHP Fatal error:  Uncaught Error: Using $this when not in object context in C:\xampp\htdocs\api\tracking\save.php:50
Stack trace:
#0 {main}
  thrown in C:\xampp\htdocs\api\tracking\save.php on line 50
[15-Dec-2025 22:39:06 Asia/Kolkata] PHP Fatal error:  Uncaught Error: Using $this when not in object context in C:\xampp\htdocs\api\tracking\save.php:50
Stack trace:
#0 {main}
  thrown in C:\xampp\htdocs\api\tracking\save.php on line 50
[15-Dec-2025 22:39:06 Asia/Kolkata] PHP Fatal error:  Uncaught Error: Using $this when not in object context in C:\xampp\htdocs\api\tracking\save.php:50
Stack trace:
#0 {main}
  thrown in C:\xampp\htdocs\api\tracking\save.php on line 50
[15-Dec-2025 22:39:18 Asia/Kolkata] PHP Fatal error:  Uncaught Error: Using $this when not in object context in C:\xampp\htdocs\api\tracking\save.php:50
Stack trace:
#0 {main}
  thrown in C:\xampp\htdocs\api\tracking\save.php on line 50
[15-Dec-2025 22:39:49 Asia/Kolkata] PHP Fatal error:  Uncaught Error: Using $this when not in object context in C:\xampp\htdocs\api\tracking\save.php:50
Stack trace:
#0 {main}
  thrown in C:\xampp\htdocs\api\tracking\save.php on line 50
[15-Dec-2025 22:42:19 Asia/Kolkata] PHP Fatal error:  Uncaught Error: Using $this when not in object context in C:\xampp\htdocs\api\tracking\save.php:50
Stack trace:
#0 {main}
  thrown in C:\xampp\htdocs\api\tracking\save.php on line 50
[15-Dec-2025 22:42:21 Asia/Kolkata] PHP Fatal error:  Uncaught Error: Using $this when not in object context in C:\xampp\htdocs\api\tracking\save.php:50
Stack trace:
#0 {main}
  thrown in C:\xampp\htdocs\api\tracking\save.php on line 50
[15-Dec-2025 22:42:49 Asia/Kolkata] PHP Fatal error:  Uncaught Error: Using $this when not in object context in C:\xampp\htdocs\api\tracking\save.php:50
Stack trace:
#0 {main}
  thrown in C:\xampp\htdocs\api\tracking\save.php on line 50
[15-Dec-2025 22:42:50 Asia/Kolkata] PHP Fatal error:  Uncaught Error: Using $this when not in object context in C:\xampp\htdocs\api\tracking\save.php:50
Stack trace:
#0 {main}
  thrown in C:\xampp\htdocs\api\tracking\save.php on line 50
[15-Dec-2025 22:43:20 Asia/Kolkata] PHP Fatal error:  Uncaught Error: Using $this when not in object context in C:\xampp\htdocs\api\tracking\save.php:50
Stack trace:
#0 {main}
  thrown in C:\xampp\htdocs\api\tracking\save.php on line 50
[15-Dec-2025 22:43:20 Asia/Kolkata] PHP Fatal error:  Uncaught Error: Using $this when not in object context in C:\xampp\htdocs\api\tracking\save.php:50
Stack trace:
#0 {main}
  thrown in C:\xampp\htdocs\api\tracking\save.php on line 50
[15-Dec-2025 22:43:24 Asia/Kolkata] PHP Fatal error:  Uncaught Error: Using $this when not in object context in C:\xampp\htdocs\api\tracking\save.php:50
Stack trace:
#0 {main}
  thrown in C:\xampp\htdocs\api\tracking\save.php on line 50
[15-Dec-2025 22:43:35 Asia/Kolkata] PHP Fatal error:  Uncaught Error: Using $this when not in object context in C:\xampp\htdocs\api\tracking\save.php:50
Stack trace:
#0 {main}
  thrown in C:\xampp\htdocs\api\tracking\save.php on line 50
[15-Dec-2025 22:43:48 Asia/Kolkata] PHP Fatal error:  Uncaught Error: Using $this when not in object context in C:\xampp\htdocs\api\tracking\save.php:50
Stack trace:
#0 {main}
  thrown in C:\xampp\htdocs\api\tracking\save.php on line 50
[15-Dec-2025 22:43:56 Asia/Kolkata] PHP Fatal error:  Uncaught Error: Using $this when not in object context in C:\xampp\htdocs\api\tracking\save.php:50
Stack trace:
#0 {main}
  thrown in C:\xampp\htdocs\api\tracking\save.php on line 50
[15-Dec-2025 22:45:22 Asia/Kolkata] PHP Fatal error:  Uncaught Error: Using $this when not in object context in C:\xampp\htdocs\api\tracking\save.php:50
Stack trace:
#0 {main}
  thrown in C:\xampp\htdocs\api\tracking\save.php on line 50
[15-Dec-2025 22:45:27 Asia/Kolkata] PHP Fatal error:  Uncaught Error: Using $this when not in object context in C:\xampp\htdocs\api\tracking\save.php:50
Stack trace:
#0 {main}
  thrown in C:\xampp\htdocs\api\tracking\save.php on line 50
[15-Dec-2025 22:45:57 Asia/Kolkata] PHP Fatal error:  Uncaught Error: Using $this when not in object context in C:\xampp\htdocs\api\tracking\save.php:50
Stack trace:
#0 {main}
  thrown in C:\xampp\htdocs\api\tracking\save.php on line 50
[15-Dec-2025 22:46:44 Asia/Kolkata] PHP Fatal error:  Uncaught Error: Using $this when not in object context in C:\xampp\htdocs\api\tracking\save.php:50
Stack trace:
#0 {main}
  thrown in C:\xampp\htdocs\api\tracking\save.php on line 50
[15-Dec-2025 22:46:45 Asia/Kolkata] PHP Fatal error:  Uncaught Error: Using $this when not in object context in C:\xampp\htdocs\api\tracking\save.php:50
Stack trace:
#0 {main}
  thrown in C:\xampp\htdocs\api\tracking\save.php on line 50
[15-Dec-2025 22:47:15 Asia/Kolkata] PHP Fatal error:  Uncaught Error: Using $this when not in object context in C:\xampp\htdocs\api\tracking\save.php:50
Stack trace:
#0 {main}
  thrown in C:\xampp\htdocs\api\tracking\save.php on line 50
[15-Dec-2025 22:49:09 Asia/Kolkata] PHP Fatal error:  Uncaught Error: Using $this when not in object context in C:\xampp\htdocs\api\tracking\save.php:50
Stack trace:
#0 {main}
  thrown in C:\xampp\htdocs\api\tracking\save.php on line 50
[15-Dec-2025 22:49:11 Asia/Kolkata] PHP Fatal error:  Uncaught Error: Using $this when not in object context in C:\xampp\htdocs\api\tracking\save.php:50
Stack trace:
#0 {main}
  thrown in C:\xampp\htdocs\api\tracking\save.php on line 50
[15-Dec-2025 22:49:12 Asia/Kolkata] PHP Fatal error:  Uncaught Error: Using $this when not in object context in C:\xampp\htdocs\api\tracking\save.php:50
Stack trace:
#0 {main}
  thrown in C:\xampp\htdocs\api\tracking\save.php on line 50
[15-Dec-2025 22:49:13 Asia/Kolkata] PHP Fatal error:  Uncaught Error: Using $this when not in object context in C:\xampp\htdocs\api\tracking\save.php:50
Stack trace:
#0 {main}
  thrown in C:\xampp\htdocs\api\tracking\save.php on line 50
[15-Dec-2025 22:49:44 Asia/Kolkata] PHP Fatal error:  Uncaught Error: Using $this when not in object context in C:\xampp\htdocs\api\tracking\save.php:50
Stack trace:
#0 {main}
  thrown in C:\xampp\htdocs\api\tracking\save.php on line 50
[15-Dec-2025 22:50:54 Asia/Kolkata] PHP Fatal error:  Uncaught Error: Using $this when not in object context in C:\xampp\htdocs\api\tracking\save.php:50
Stack trace:
#0 {main}
  thrown in C:\xampp\htdocs\api\tracking\save.php on line 50
[15-Dec-2025 22:52:43 Asia/Kolkata] PHP Fatal error:  Uncaught Error: Using $this when not in object context in C:\xampp\htdocs\api\tracking\save.php:50
Stack trace:
#0 {main}
  thrown in C:\xampp\htdocs\api\tracking\save.php on line 50
[15-Dec-2025 22:52:45 Asia/Kolkata] PHP Fatal error:  Uncaught Error: Using $this when not in object context in C:\xampp\htdocs\api\tracking\save.php:50
Stack trace:
#0 {main}
  thrown in C:\xampp\htdocs\api\tracking\save.php on line 50
[15-Dec-2025 22:52:49 Asia/Kolkata] PHP Fatal error:  Uncaught Error: Using $this when not in object context in C:\xampp\htdocs\api\tracking\save.php:50
Stack trace:
#0 {main}
  thrown in C:\xampp\htdocs\api\tracking\save.php on line 50
[15-Dec-2025 22:52:53 Asia/Kolkata] PHP Fatal error:  Uncaught Error: Using $this when not in object context in C:\xampp\htdocs\api\tracking\save.php:50
Stack trace:
#0 {main}
  thrown in C:\xampp\htdocs\api\tracking\save.php on line 50
[15-Dec-2025 22:53:17 Asia/Kolkata] PHP Fatal error:  Uncaught Error: Using $this when not in object context in C:\xampp\htdocs\api\tracking\save.php:50
Stack trace:
#0 {main}
  thrown in C:\xampp\htdocs\api\tracking\save.php on line 50
[15-Dec-2025 22:53:19 Asia/Kolkata] PHP Fatal error:  Uncaught Error: Using $this when not in object context in C:\xampp\htdocs\api\tracking\save.php:50
Stack trace:
#0 {main}
  thrown in C:\xampp\htdocs\api\tracking\save.php on line 50
[15-Dec-2025 22:53:50 Asia/Kolkata] PHP Fatal error:  Uncaught Error: Using $this when not in object context in C:\xampp\htdocs\api\tracking\save.php:50
Stack trace:
#0 {main}
  thrown in C:\xampp\htdocs\api\tracking\save.php on line 50
[15-Dec-2025 22:54:56 Asia/Kolkata] PHP Fatal error:  Uncaught Error: Using $this when not in object context in C:\xampp\htdocs\api\tracking\save.php:50
Stack trace:
#0 {main}
  thrown in C:\xampp\htdocs\api\tracking\save.php on line 50
[15-Dec-2025 22:54:57 Asia/Kolkata] PHP Fatal error:  Uncaught Error: Using $this when not in object context in C:\xampp\htdocs\api\tracking\save.php:50
Stack trace:
#0 {main}
  thrown in C:\xampp\htdocs\api\tracking\save.php on line 50
[15-Dec-2025 22:54:57 Asia/Kolkata] PHP Fatal error:  Uncaught Error: Using $this when not in object context in C:\xampp\htdocs\api\tracking\save.php:50
Stack trace:
#0 {main}
  thrown in C:\xampp\htdocs\api\tracking\save.php on line 50
[15-Dec-2025 22:54:57 Asia/Kolkata] PHP Fatal error:  Uncaught Error: Using $this when not in object context in C:\xampp\htdocs\api\tracking\save.php:50
Stack trace:
#0 {main}
  thrown in C:\xampp\htdocs\api\tracking\save.php on line 50
[15-Dec-2025 22:55:27 Asia/Kolkata] PHP Fatal error:  Uncaught Error: Using $this when not in object context in C:\xampp\htdocs\api\tracking\save.php:50
Stack trace:
#0 {main}
  thrown in C:\xampp\htdocs\api\tracking\save.php on line 50
[15-Dec-2025 22:56:25 Asia/Kolkata] PHP Fatal error:  Uncaught Error: Using $this when not in object context in C:\xampp\htdocs\api\tracking\save.php:50
Stack trace:
#0 {main}
  thrown in C:\xampp\htdocs\api\tracking\save.php on line 50
[15-Dec-2025 23:03:15 Asia/Kolkata] PHP Fatal error:  Uncaught Error: Using $this when not in object context in C:\xampp\htdocs\api\tracking\save.php:50
Stack trace:
#0 {main}
  thrown in C:\xampp\htdocs\api\tracking\save.php on line 50
[15-Dec-2025 23:03:15 Asia/Kolkata] PHP Fatal error:  Uncaught Error: Using $this when not in object context in C:\xampp\htdocs\api\tracking\save.php:50
Stack trace:
#0 {main}
  thrown in C:\xampp\htdocs\api\tracking\save.php on line 50
[15-Dec-2025 23:03:15 Asia/Kolkata] PHP Fatal error:  Uncaught Error: Using $this when not in object context in C:\xampp\htdocs\api\tracking\save.php:50
Stack trace:
#0 {main}
  thrown in C:\xampp\htdocs\api\tracking\save.php on line 50
[15-Dec-2025 23:03:15 Asia/Kolkata] PHP Fatal error:  Uncaught Error: Using $this when not in object context in C:\xampp\htdocs\api\tracking\save.php:50
Stack trace:
#0 {main}
  thrown in C:\xampp\htdocs\api\tracking\save.php on line 50
[15-Dec-2025 23:03:16 Asia/Kolkata] PHP Fatal error:  Uncaught Error: Using $this when not in object context in C:\xampp\htdocs\api\tracking\save.php:50
Stack trace:
#0 {main}
  thrown in C:\xampp\htdocs\api\tracking\save.php on line 50
[15-Dec-2025 23:03:16 Asia/Kolkata] PHP Fatal error:  Uncaught Error: Using $this when not in object context in C:\xampp\htdocs\api\tracking\save.php:50
Stack trace:
#0 {main}
  thrown in C:\xampp\htdocs\api\tracking\save.php on line 50
[15-Dec-2025 23:03:46 Asia/Kolkata] PHP Fatal error:  Uncaught Error: Using $this when not in object context in C:\xampp\htdocs\api\tracking\save.php:50
Stack trace:
#0 {main}
  thrown in C:\xampp\htdocs\api\tracking\save.php on line 50
[15-Dec-2025 23:03:52 Asia/Kolkata] PHP Fatal error:  Uncaught Error: Using $this when not in object context in C:\xampp\htdocs\api\tracking\save.php:50
Stack trace:
#0 {main}
  thrown in C:\xampp\htdocs\api\tracking\save.php on line 50
[15-Dec-2025 23:04:11 Asia/Kolkata] PHP Fatal error:  Uncaught Error: Using $this when not in object context in C:\xampp\htdocs\api\tracking\save.php:50
Stack trace:
#0 {main}
  thrown in C:\xampp\htdocs\api\tracking\save.php on line 50
[15-Dec-2025 23:04:12 Asia/Kolkata] PHP Fatal error:  Uncaught Error: Using $this when not in object context in C:\xampp\htdocs\api\tracking\save.php:50
Stack trace:
#0 {main}
  thrown in C:\xampp\htdocs\api\tracking\save.php on line 50
[15-Dec-2025 23:04:20 Asia/Kolkata] PHP Fatal error:  Uncaught Error: Using $this when not in object context in C:\xampp\htdocs\api\tracking\save.php:50
Stack trace:
#0 {main}
  thrown in C:\xampp\htdocs\api\tracking\save.php on line 50
[15-Dec-2025 23:04:20 Asia/Kolkata] PHP Fatal error:  Uncaught Error: Using $this when not in object context in C:\xampp\htdocs\api\tracking\save.php:50
Stack trace:
#0 {main}
  thrown in C:\xampp\htdocs\api\tracking\save.php on line 50
[15-Dec-2025 23:04:20 Asia/Kolkata] PHP Fatal error:  Uncaught Error: Using $this when not in object context in C:\xampp\htdocs\api\tracking\save.php:50
Stack trace:
#0 {main}
  thrown in C:\xampp\htdocs\api\tracking\save.php on line 50
[15-Dec-2025 23:04:21 Asia/Kolkata] PHP Fatal error:  Uncaught Error: Using $this when not in object context in C:\xampp\htdocs\api\tracking\save.php:50
Stack trace:
#0 {main}
  thrown in C:\xampp\htdocs\api\tracking\save.php on line 50
[15-Dec-2025 23:04:21 Asia/Kolkata] PHP Fatal error:  Uncaught Error: Using $this when not in object context in C:\xampp\htdocs\api\tracking\save.php:50
Stack trace:
#0 {main}
  thrown in C:\xampp\htdocs\api\tracking\save.php on line 50
[15-Dec-2025 23:04:23 Asia/Kolkata] PHP Fatal error:  Uncaught Error: Using $this when not in object context in C:\xampp\htdocs\api\tracking\save.php:50
Stack trace:
#0 {main}
  thrown in C:\xampp\htdocs\api\tracking\save.php on line 50
[15-Dec-2025 23:04:24 Asia/Kolkata] PHP Fatal error:  Uncaught Error: Using $this when not in object context in C:\xampp\htdocs\api\tracking\save.php:50
Stack trace:
#0 {main}
  thrown in C:\xampp\htdocs\api\tracking\save.php on line 50
[15-Dec-2025 23:04:29 Asia/Kolkata] PHP Fatal error:  Uncaught Error: Using $this when not in object context in C:\xampp\htdocs\api\tracking\save.php:50
Stack trace:
#0 {main}
  thrown in C:\xampp\htdocs\api\tracking\save.php on line 50
[15-Dec-2025 23:04:29 Asia/Kolkata] PHP Fatal error:  Uncaught Error: Using $this when not in object context in C:\xampp\htdocs\api\tracking\save.php:50
Stack trace:
#0 {main}
  thrown in C:\xampp\htdocs\api\tracking\save.php on line 50
[15-Dec-2025 23:04:34 Asia/Kolkata] PHP Fatal error:  Uncaught Error: Using $this when not in object context in C:\xampp\htdocs\api\tracking\save.php:50
Stack trace:
#0 {main}
  thrown in C:\xampp\htdocs\api\tracking\save.php on line 50
[15-Dec-2025 23:04:36 Asia/Kolkata] PHP Fatal error:  Uncaught Error: Using $this when not in object context in C:\xampp\htdocs\api\tracking\save.php:50
Stack trace:
#0 {main}
  thrown in C:\xampp\htdocs\api\tracking\save.php on line 50
[15-Dec-2025 23:05:07 Asia/Kolkata] PHP Fatal error:  Uncaught Error: Using $this when not in object context in C:\xampp\htdocs\api\tracking\save.php:50
Stack trace:
#0 {main}
  thrown in C:\xampp\htdocs\api\tracking\save.php on line 50
[15-Dec-2025 23:05:20 Asia/Kolkata] PHP Fatal error:  Uncaught Error: Using $this when not in object context in C:\xampp\htdocs\api\tracking\save.php:50
Stack trace:
#0 {main}
  thrown in C:\xampp\htdocs\api\tracking\save.php on line 50
[15-Dec-2025 23:05:26 Asia/Kolkata] PHP Fatal error:  Uncaught Error: Using $this when not in object context in C:\xampp\htdocs\api\tracking\save.php:50
Stack trace:
#0 {main}
  thrown in C:\xampp\htdocs\api\tracking\save.php on line 50
[15-Dec-2025 23:05:36 Asia/Kolkata] PHP Fatal error:  Uncaught Error: Using $this when not in object context in C:\xampp\htdocs\api\tracking\save.php:50
Stack trace:
#0 {main}
  thrown in C:\xampp\htdocs\api\tracking\save.php on line 50
[15-Dec-2025 23:05:37 Asia/Kolkata] PHP Fatal error:  Uncaught Error: Using $this when not in object context in C:\xampp\htdocs\api\tracking\save.php:50
Stack trace:
#0 {main}
  thrown in C:\xampp\htdocs\api\tracking\save.php on line 50
[15-Dec-2025 23:05:38 Asia/Kolkata] PHP Fatal error:  Uncaught Error: Using $this when not in object context in C:\xampp\htdocs\api\tracking\save.php:50
Stack trace:
#0 {main}
  thrown in C:\xampp\htdocs\api\tracking\save.php on line 50
[15-Dec-2025 23:06:09 Asia/Kolkata] PHP Fatal error:  Uncaught Error: Using $this when not in object context in C:\xampp\htdocs\api\tracking\save.php:50
Stack trace:
#0 {main}
  thrown in C:\xampp\htdocs\api\tracking\save.php on line 50
[15-Dec-2025 23:07:46 Asia/Kolkata] PHP Fatal error:  Uncaught Error: Using $this when not in object context in C:\xampp\htdocs\api\tracking\save.php:50
Stack trace:
#0 {main}
  thrown in C:\xampp\htdocs\api\tracking\save.php on line 50
[15-Dec-2025 23:07:46 Asia/Kolkata] PHP Fatal error:  Uncaught Error: Using $this when not in object context in C:\xampp\htdocs\api\tracking\save.php:50
Stack trace:
#0 {main}
  thrown in C:\xampp\htdocs\api\tracking\save.php on line 50
[15-Dec-2025 23:08:06 Asia/Kolkata] PHP Fatal error:  Uncaught Error: Using $this when not in object context in C:\xampp\htdocs\api\tracking\save.php:50
Stack trace:
#0 {main}
  thrown in C:\xampp\htdocs\api\tracking\save.php on line 50
[15-Dec-2025 23:08:07 Asia/Kolkata] PHP Fatal error:  Uncaught Error: Using $this when not in object context in C:\xampp\htdocs\api\tracking\save.php:50
Stack trace:
#0 {main}
  thrown in C:\xampp\htdocs\api\tracking\save.php on line 50
[15-Dec-2025 23:08:07 Asia/Kolkata] PHP Fatal error:  Uncaught Error: Using $this when not in object context in C:\xampp\htdocs\api\tracking\save.php:50
Stack trace:
#0 {main}
  thrown in C:\xampp\htdocs\api\tracking\save.php on line 50
[15-Dec-2025 23:08:07 Asia/Kolkata] PHP Fatal error:  Uncaught Error: Using $this when not in object context in C:\xampp\htdocs\api\tracking\save.php:50
Stack trace:
#0 {main}
  thrown in C:\xampp\htdocs\api\tracking\save.php on line 50
[15-Dec-2025 23:08:07 Asia/Kolkata] PHP Fatal error:  Uncaught Error: Using $this when not in object context in C:\xampp\htdocs\api\tracking\save.php:50
Stack trace:
#0 {main}
  thrown in C:\xampp\htdocs\api\tracking\save.php on line 50
[15-Dec-2025 23:08:37 Asia/Kolkata] PHP Fatal error:  Uncaught Error: Using $this when not in object context in C:\xampp\htdocs\api\tracking\save.php:50
Stack trace:
#0 {main}
  thrown in C:\xampp\htdocs\api\tracking\save.php on line 50
[15-Dec-2025 23:16:20 Asia/Kolkata] PHP Fatal error:  Uncaught Error: Using $this when not in object context in C:\xampp\htdocs\api\tracking\save.php:50
Stack trace:
#0 {main}
  thrown in C:\xampp\htdocs\api\tracking\save.php on line 50
[15-Dec-2025 23:16:21 Asia/Kolkata] PHP Fatal error:  Uncaught Error: Using $this when not in object context in C:\xampp\htdocs\api\tracking\save.php:50
Stack trace:
#0 {main}
  thrown in C:\xampp\htdocs\api\tracking\save.php on line 50
[15-Dec-2025 23:16:37 Asia/Kolkata] PHP Fatal error:  Uncaught Error: Using $this when not in object context in C:\xampp\htdocs\api\tracking\save.php:50
Stack trace:
#0 {main}
  thrown in C:\xampp\htdocs\api\tracking\save.php on line 50
[15-Dec-2025 23:17:08 Asia/Kolkata] PHP Fatal error:  Uncaught Error: Using $this when not in object context in C:\xampp\htdocs\api\tracking\save.php:50
Stack trace:
#0 {main}
  thrown in C:\xampp\htdocs\api\tracking\save.php on line 50
[15-Dec-2025 23:17:12 Asia/Kolkata] PHP Fatal error:  Uncaught Error: Using $this when not in object context in C:\xampp\htdocs\api\tracking\save.php:50
Stack trace:
#0 {main}
  thrown in C:\xampp\htdocs\api\tracking\save.php on line 50
[15-Dec-2025 23:17:12 Asia/Kolkata] PHP Fatal error:  Uncaught Error: Using $this when not in object context in C:\xampp\htdocs\api\tracking\save.php:50
Stack trace:
#0 {main}
  thrown in C:\xampp\htdocs\api\tracking\save.php on line 50
[15-Dec-2025 23:17:12 Asia/Kolkata] PHP Fatal error:  Uncaught Error: Using $this when not in object context in C:\xampp\htdocs\api\tracking\save.php:50
Stack trace:
#0 {main}
  thrown in C:\xampp\htdocs\api\tracking\save.php on line 50
[15-Dec-2025 23:17:13 Asia/Kolkata] PHP Fatal error:  Uncaught Error: Using $this when not in object context in C:\xampp\htdocs\api\tracking\save.php:50
Stack trace:
#0 {main}
  thrown in C:\xampp\htdocs\api\tracking\save.php on line 50
[15-Dec-2025 23:17:13 Asia/Kolkata] PHP Fatal error:  Uncaught Error: Using $this when not in object context in C:\xampp\htdocs\api\tracking\save.php:50
Stack trace:
#0 {main}
  thrown in C:\xampp\htdocs\api\tracking\save.php on line 50
[15-Dec-2025 23:17:13 Asia/Kolkata] PHP Fatal error:  Uncaught Error: Using $this when not in object context in C:\xampp\htdocs\api\tracking\save.php:50
Stack trace:
#0 {main}
  thrown in C:\xampp\htdocs\api\tracking\save.php on line 50
[15-Dec-2025 23:17:17 Asia/Kolkata] PHP Fatal error:  Uncaught Error: Using $this when not in object context in C:\xampp\htdocs\api\tracking\save.php:50
Stack trace:
#0 {main}
  thrown in C:\xampp\htdocs\api\tracking\save.php on line 50
[15-Dec-2025 23:17:20 Asia/Kolkata] PHP Fatal error:  Uncaught Error: Using $this when not in object context in C:\xampp\htdocs\api\tracking\save.php:50
Stack trace:
#0 {main}
  thrown in C:\xampp\htdocs\api\tracking\save.php on line 50
[15-Dec-2025 23:17:21 Asia/Kolkata] PHP Fatal error:  Uncaught Error: Using $this when not in object context in C:\xampp\htdocs\api\tracking\save.php:50
Stack trace:
#0 {main}
  thrown in C:\xampp\htdocs\api\tracking\save.php on line 50
[15-Dec-2025 23:17:22 Asia/Kolkata] PHP Fatal error:  Uncaught Error: Using $this when not in object context in C:\xampp\htdocs\api\tracking\save.php:50
Stack trace:
#0 {main}
  thrown in C:\xampp\htdocs\api\tracking\save.php on line 50
[15-Dec-2025 23:17:25 Asia/Kolkata] PHP Fatal error:  Uncaught Error: Using $this when not in object context in C:\xampp\htdocs\api\tracking\save.php:50
Stack trace:
#0 {main}
  thrown in C:\xampp\htdocs\api\tracking\save.php on line 50
[15-Dec-2025 23:17:56 Asia/Kolkata] PHP Fatal error:  Uncaught Error: Using $this when not in object context in C:\xampp\htdocs\api\tracking\save.php:50
Stack trace:
#0 {main}
  thrown in C:\xampp\htdocs\api\tracking\save.php on line 50
[16-Dec-2025 00:09:58 Asia/Kolkata] PHP Fatal error:  Uncaught Error: Using $this when not in object context in C:\xampp\htdocs\api\tracking\save.php:50
Stack trace:
#0 {main}
  thrown in C:\xampp\htdocs\api\tracking\save.php on line 50
[16-Dec-2025 00:10:03 Asia/Kolkata] PHP Fatal error:  Uncaught Error: Using $this when not in object context in C:\xampp\htdocs\api\tracking\save.php:50
Stack trace:
#0 {main}
  thrown in C:\xampp\htdocs\api\tracking\save.php on line 50
[16-Dec-2025 00:10:34 Asia/Kolkata] PHP Fatal error:  Uncaught Error: Using $this when not in object context in C:\xampp\htdocs\api\tracking\save.php:50
Stack trace:
#0 {main}
  thrown in C:\xampp\htdocs\api\tracking\save.php on line 50
[16-Dec-2025 00:34:13 Asia/Kolkata] PHP Fatal error:  Uncaught Error: Using $this when not in object context in C:\xampp\htdocs\api\tracking\save.php:50
Stack trace:
#0 {main}
  thrown in C:\xampp\htdocs\api\tracking\save.php on line 50
[16-Dec-2025 00:34:44 Asia/Kolkata] PHP Fatal error:  Uncaught Error: Using $this when not in object context in C:\xampp\htdocs\api\tracking\save.php:50
Stack trace:
#0 {main}
  thrown in C:\xampp\htdocs\api\tracking\save.php on line 50
[16-Dec-2025 00:51:49 Asia/Kolkata] PHP Fatal error:  Uncaught Error: Using $this when not in object context in C:\xampp\htdocs\api\tracking\save.php:50
Stack trace:
#0 {main}
  thrown in C:\xampp\htdocs\api\tracking\save.php on line 50
[16-Dec-2025 00:51:49 Asia/Kolkata] PHP Fatal error:  Uncaught Error: Using $this when not in object context in C:\xampp\htdocs\api\tracking\save.php:50
Stack trace:
#0 {main}
  thrown in C:\xampp\htdocs\api\tracking\save.php on line 50
